id,plate_text,event_type,camera_id,timestamp,image_path
1,462퍼8651,ENTRY,CAM_01,2026-08-30 11:06:42,
2,462퍼8651,EXIT,CAM_01,2026-08-30 11:50:42,
3,348추7669,ENTRY,CAM_01,2026-08-30 11:08:46,
4,348추7669,EXIT,CAM_01,2026-08-30 13:34:46,
5,371머7930,ENTRY,CAM_01,2026-08-30 11:25:57,
6,371머7930,EXIT,CAM_01,2026-08-30 13:34:57,
7,79루6107,ENTRY,CAM_01,2026-08-30 11:33:55,
8,79루6107,EXIT,CAM_01,2026-08-30 11:38:55,
9,243타5563,ENTRY,CAM_01,2026-08-30 12:12:34,
10,243타5563,EXIT,CAM_01,2026-08-30 12:17:34,
11,38루1964,ENTRY,CAM_01,2026-08-30 12:21:01,
12,38루1964,EXIT,CAM_01,2026-08-30 12:59:01,
13,52러8953,ENTRY,CAM_01,2026-08-30 12:57:02,
14,52러8953,EXIT,CAM_01,2026-08-30 13:49:02,
15,548아5061,ENTRY,CAM_01,2026-08-30 13:42:41,
16,548아5061,EXIT,CAM_01,2026-08-30 13:47:41,
17,80호9856,ENTRY,CAM_01,2026-08-30 14:55:59,
18,80호9856,EXIT,CAM_01,2026-08-30 17:47:59,
19,777차4111,ENTRY,CAM_01,2026-08-30 16:46:50,
20,777차4111,EXIT,CAM_01,2026-08-30 18:22:50,
21,512추2790,ENTRY,CAM_01,2026-08-30 18:03:43,
22,512추2790,EXIT,CAM_01,2026-08-30 18:28:43,
23,270로8886,ENTRY,CAM_01,2026-08-30 18:05:59,
24,270로8886,EXIT,CAM_01,2026-08-30 20:09:59,
25,87무8527,ENTRY,CAM_01,2026-08-31 07:04:34,
26,87무8527,EXIT,CAM_01,2026-08-31 14:53:34,
27,17추6168,ENTRY,CAM_01,2026-08-31 07:05:40,
28,17추6168,EXIT,CAM_01,2026-08-31 15:20:40,
29,77누2876,ENTRY,CAM_01,2026-08-31 07:22:49,
30,77누2876,EXIT,CAM_01,2026-08-31 13:51:49,
31,78자8787,ENTRY,CAM_01,2026-08-31 07:24:55,
32,78자8787,EXIT,CAM_01,2026-08-31 15:23:55,
33,85수3615,ENTRY,CAM_01,2026-08-31 07:26:42,
34,85수3615,EXIT,CAM_01,2026-08-31 15:11:42,
35,91부5506,ENTRY,CAM_01,2026-08-31 07:37:47,
36,91부5506,EXIT,CAM_01,2026-08-31 14:32:47,
37,20후2654,ENTRY,CAM_01,2026-08-31 07:42:52,
38,20후2654,EXIT,CAM_01,2026-08-31 13:45:52,
39,14하4811,ENTRY,CAM_01,2026-08-31 07:54:11,
40,14하4811,EXIT,CAM_01,2026-08-31 17:44:11,
41,227바5803,ENTRY,CAM_01,2026-08-31 08:08:59,
42,227바5803,EXIT,CAM_01,2026-08-31 17:08:59,
43,733조4150,ENTRY,CAM_01,2026-08-31 08:10:28,
44,733조4150,EXIT,CAM_01,2026-08-31 17:57:28,
45,165커8668,ENTRY,CAM_01,2026-08-31 08:13:43,
46,165커8668,EXIT,CAM_01,2026-08-31 17:55:43,
47,881사2519,ENTRY,CAM_01,2026-08-31 08:15:16,
48,881사2519,EXIT,CAM_01,2026-08-31 16:40:16,
49,384포6977,ENTRY,CAM_01,2026-08-31 08:16:07,
50,384포6977,EXIT,CAM_01,2026-08-31 16:25:07,
51,56모9085,ENTRY,CAM_01,2026-08-31 08:27:08,
52,56모9085,EXIT,CAM_01,2026-08-31 19:09:08,
53,199푸6635,ENTRY,CAM_01,2026-08-31 08:29:20,
54,199푸6635,EXIT,CAM_01,2026-08-31 20:59:20,
55,58누6313,ENTRY,CAM_01,2026-08-31 08:32:31,
56,58누6313,EXIT,CAM_01,2026-08-31 16:52:31,
57,28너9830,ENTRY,CAM_01,2026-08-31 08:34:02,
58,28너9830,EXIT,CAM_01,2026-08-31 17:59:02,
59,818거8359,ENTRY,CAM_01,2026-08-31 08:37:38,
60,818거8359,EXIT,CAM_01,2026-08-31 18:11:38,
61,78카8573,ENTRY,CAM_01,2026-08-31 08:38:13,
62,78카8573,EXIT,CAM_01,2026-08-31 17:45:13,
63,61하6155,ENTRY,CAM_01,2026-08-31 08:40:16,
64,61하6155,EXIT,CAM_01,2026-08-31 18:33:16,
65,208투9317,ENTRY,CAM_01,2026-08-31 08:51:51,
66,208투9317,EXIT,CAM_01,2026-08-31 17:03:51,
67,87처3646,ENTRY,CAM_01,2026-08-31 09:01:11,
68,87처3646,EXIT,CAM_01,2026-08-31 18:14:11,
69,41부2679,ENTRY,CAM_01,2026-08-31 09:32:58,
70,41부2679,EXIT,CAM_01,2026-08-31 18:12:58,
71,771터8517,ENTRY,CAM_01,2026-08-31 09:35:45,
72,771터8517,EXIT,CAM_01,2026-08-31 18:43:45,
73,897거3881,ENTRY,CAM_01,2026-08-31 11:44:00,
74,897거3881,EXIT,CAM_01,2026-08-31 14:32:00,
75,70노7790,ENTRY,CAM_01,2026-08-31 12:12:09,
76,70노7790,EXIT,CAM_01,2026-08-31 14:11:09,
77,721노8238,ENTRY,CAM_01,2026-08-31 12:13:27,
78,721노8238,EXIT,CAM_01,2026-08-31 12:50:27,
79,52더3925,ENTRY,CAM_01,2026-08-31 13:32:25,
80,52더3925,EXIT,CAM_01,2026-08-31 13:57:25,
81,31머9445,ENTRY,CAM_01,2026-08-31 14:13:32,
82,31머9445,EXIT,CAM_01,2026-08-31 14:18:32,
83,145가9518,ENTRY,CAM_01,2026-08-31 14:32:07,
84,145가9518,EXIT,CAM_01,2026-08-31 14:47:07,
85,710저6139,ENTRY,CAM_01,2026-08-31 15:16:02,
86,710저6139,EXIT,CAM_01,2026-08-31 15:21:02,
87,99파7888,ENTRY,CAM_01,2026-08-31 16:20:25,
88,99파7888,EXIT,CAM_01,2026-08-31 16:33:25,
89,408오1006,ENTRY,CAM_01,2026-08-31 16:24:43,
90,408오1006,EXIT,CAM_01,2026-08-31 17:38:43,
91,45우5573,ENTRY,CAM_01,2026-08-31 16:25:21,
92,45우5573,EXIT,CAM_01,2026-08-31 16:39:21,
93,21누6085,ENTRY,CAM_01,2026-08-31 16:39:21,
94,21누6085,EXIT,CAM_01,2026-08-31 18:15:21,
95,69푸2988,ENTRY,CAM_01,2026-08-31 17:44:33,
96,69푸2988,EXIT,CAM_01,2026-08-31 17:49:33,
97,49거1387,ENTRY,CAM_01,2026-08-31 18:14:12,
98,49거1387,EXIT,CAM_01,2026-08-31 19:56:12,
99,493터4997,ENTRY,CAM_01,2026-08-31 18:36:12,
100,493터4997,EXIT,CAM_01,2026-08-31 19:57:12,
101,301허2146,ENTRY,CAM_01,2026-08-31 19:34:43,
102,301허2146,EXIT,CAM_01,2026-08-31 21:40:43,
103,837모6067,ENTRY,CAM_01,2026-08-31 19:58:21,
104,837모6067,EXIT,CAM_01,2026-08-31 20:09:21,
105,87무8527,ENTRY,CAM_01,2026-09-01 07:13:53,
106,87무8527,EXIT,CAM_01,2026-09-01 13:41:53,
107,21후2796,ENTRY,CAM_01,2026-09-01 07:15:12,
108,21후2796,EXIT,CAM_01,2026-09-01 17:41:12,
109,18우5741,ENTRY,CAM_01,2026-09-01 07:22:19,
110,18우5741,EXIT,CAM_01,2026-09-01 16:45:19,
111,864초7543,ENTRY,CAM_01,2026-09-01 07:47:34,
112,864초7543,EXIT,CAM_01,2026-09-01 20:36:34,
113,56모9085,ENTRY,CAM_01,2026-09-01 07:49:41,
114,56모9085,EXIT,CAM_01,2026-09-01 18:20:41,
115,77누2876,ENTRY,CAM_01,2026-09-01 07:49:52,
116,77누2876,EXIT,CAM_01,2026-09-01 18:35:52,
117,208투9317,ENTRY,CAM_01,2026-09-01 07:50:36,
118,208투9317,EXIT,CAM_01,2026-09-01 14:16:36,
119,227바5803,ENTRY,CAM_01,2026-09-01 07:54:56,
120,227바5803,EXIT,CAM_01,2026-09-01 18:47:56,
121,649우6573,ENTRY,CAM_01,2026-09-01 08:06:37,
122,649우6573,EXIT,CAM_01,2026-09-01 18:42:37,
123,839모3927,ENTRY,CAM_01,2026-09-01 08:06:44,
124,839모3927,EXIT,CAM_01,2026-09-01 17:50:44,
125,771터8517,ENTRY,CAM_01,2026-09-01 08:13:29,
126,771터8517,EXIT,CAM_01,2026-09-01 16:22:29,
127,881사2519,ENTRY,CAM_01,2026-09-01 08:14:24,
128,881사2519,EXIT,CAM_01,2026-09-01 16:45:24,
129,85수3615,ENTRY,CAM_01,2026-09-01 08:17:28,
130,85수3615,EXIT,CAM_01,2026-09-01 18:42:28,
131,165커8668,ENTRY,CAM_01,2026-09-01 08:29:44,
132,165커8668,EXIT,CAM_01,2026-09-01 17:45:44,
133,384포6977,ENTRY,CAM_01,2026-09-01 08:31:14,
134,384포6977,EXIT,CAM_01,2026-09-01 14:54:14,
135,849쿠2133,ENTRY,CAM_01,2026-09-01 08:39:51,
136,849쿠2133,EXIT,CAM_01,2026-09-01 15:54:51,
137,40조2290,ENTRY,CAM_01,2026-09-01 08:40:57,
138,40조2290,EXIT,CAM_01,2026-09-01 19:06:57,
139,74오4257,ENTRY,CAM_01,2026-09-01 08:47:55,
140,74오4257,EXIT,CAM_01,2026-09-01 16:58:55,
141,818거8359,ENTRY,CAM_01,2026-09-01 08:49:49,
142,818거8359,EXIT,CAM_01,2026-09-01 18:20:49,
143,99코3803,ENTRY,CAM_01,2026-09-01 08:53:29,
144,99코3803,EXIT,CAM_01,2026-09-01 20:09:29,
145,532러3547,ENTRY,CAM_01,2026-09-01 08:57:34,
146,532러3547,EXIT,CAM_01,2026-09-01 18:51:34,
147,479하5374,ENTRY,CAM_01,2026-09-01 09:01:24,
148,479하5374,EXIT,CAM_01,2026-09-01 17:11:24,
149,61하6155,ENTRY,CAM_01,2026-09-01 09:11:03,
150,61하6155,EXIT,CAM_01,2026-09-01 17:58:03,
151,28너9830,ENTRY,CAM_01,2026-09-01 09:16:53,
152,28너9830,EXIT,CAM_01,2026-09-01 20:50:53,
153,199푸6635,ENTRY,CAM_01,2026-09-01 09:21:34,
154,199푸6635,EXIT,CAM_01,2026-09-01 16:28:34,
155,400카8433,ENTRY,CAM_01,2026-09-01 09:25:45,
156,400카8433,EXIT,CAM_01,2026-09-01 18:57:45,
157,17추6168,ENTRY,CAM_01,2026-09-01 09:37:36,
158,17추6168,EXIT,CAM_01,2026-09-01 18:37:36,
159,29주7916,ENTRY,CAM_01,2026-09-01 09:42:07,
160,29주7916,EXIT,CAM_01,2026-09-01 17:15:07,
161,79코6310,ENTRY,CAM_01,2026-09-01 09:42:23,
162,79코6310,EXIT,CAM_01,2026-09-01 20:59:23,
163,91부5506,ENTRY,CAM_01,2026-09-01 09:42:33,
164,91부5506,EXIT,CAM_01,2026-09-01 21:02:33,
165,72처6038,ENTRY,CAM_01,2026-09-01 09:52:31,
166,72처6038,EXIT,CAM_01,2026-09-01 20:06:31,
167,14하4811,ENTRY,CAM_01,2026-09-01 09:53:58,
168,14하4811,EXIT,CAM_01,2026-09-01 19:03:58,
169,53더8827,ENTRY,CAM_01,2026-09-01 10:00:36,
170,53더8827,EXIT,CAM_01,2026-09-01 11:00:36,
171,80포9042,ENTRY,CAM_01,2026-09-01 10:02:03,
172,80포9042,EXIT,CAM_01,2026-09-01 11:57:03,
173,72차3444,ENTRY,CAM_01,2026-09-01 10:04:25,
174,72차3444,EXIT,CAM_01,2026-09-01 12:25:25,
175,395아8679,ENTRY,CAM_01,2026-09-01 10:10:50,
176,395아8679,EXIT,CAM_01,2026-09-01 10:49:50,
177,518두8699,ENTRY,CAM_01,2026-09-01 11:04:10,
178,518두8699,EXIT,CAM_01,2026-09-01 12:05:10,
179,548아1472,ENTRY,CAM_01,2026-09-01 11:35:08,
180,548아1472,EXIT,CAM_01,2026-09-01 12:40:08,
181,61구9889,ENTRY,CAM_01,2026-09-01 12:07:49,
182,61구9889,EXIT,CAM_01,2026-09-01 12:44:49,
183,68더4241,ENTRY,CAM_01,2026-09-01 12:14:18,
184,68더4241,EXIT,CAM_01,2026-09-01 13:04:18,
185,784어1470,ENTRY,CAM_01,2026-09-01 12:29:36,
186,784어1470,EXIT,CAM_01,2026-09-01 13:14:36,
187,666허6419,ENTRY,CAM_01,2026-09-01 12:37:23,
188,666허6419,EXIT,CAM_01,2026-09-01 13:58:23,
189,95어7744,ENTRY,CAM_01,2026-09-01 13:21:20,
190,95어7744,EXIT,CAM_01,2026-09-01 14:16:20,
191,34부9779,ENTRY,CAM_01,2026-09-01 13:29:17,
192,34부9779,EXIT,CAM_01,2026-09-01 14:28:17,
193,980버1986,ENTRY,CAM_01,2026-09-01 13:58:28,
194,980버1986,EXIT,CAM_01,2026-09-01 15:11:28,
195,740수1845,ENTRY,CAM_01,2026-09-01 14:03:12,
196,740수1845,EXIT,CAM_01,2026-09-01 14:08:12,
197,448코5526,ENTRY,CAM_01,2026-09-01 14:20:11,
198,448코5526,EXIT,CAM_01,2026-09-01 14:38:11,
199,252쿠3330,ENTRY,CAM_01,2026-09-01 14:34:14,
200,252쿠3330,EXIT,CAM_01,2026-09-01 14:39:14,
201,546바8700,ENTRY,CAM_01,2026-09-01 14:41:28,
202,546바8700,EXIT,CAM_01,2026-09-01 16:28:28,
203,41러8385,ENTRY,CAM_01,2026-09-01 14:52:46,
204,41러8385,EXIT,CAM_01,2026-09-01 15:22:46,
205,32루9751,ENTRY,CAM_01,2026-09-01 15:06:53,
206,32루9751,EXIT,CAM_01,2026-09-01 16:35:53,
207,347로4937,ENTRY,CAM_01,2026-09-01 15:33:12,
208,347로4937,EXIT,CAM_01,2026-09-01 16:52:12,
209,13누1339,ENTRY,CAM_01,2026-09-01 15:56:27,
210,13누1339,EXIT,CAM_01,2026-09-01 17:03:27,
211,137바6153,ENTRY,CAM_01,2026-09-01 16:18:42,
212,137바6153,EXIT,CAM_01,2026-09-01 19:16:42,
213,21터4986,ENTRY,CAM_01,2026-09-01 16:41:45,
214,21터4986,EXIT,CAM_01,2026-09-01 16:46:45,
215,612고2317,ENTRY,CAM_01,2026-09-01 16:44:25,
216,612고2317,EXIT,CAM_01,2026-09-01 19:32:25,
217,37카4929,ENTRY,CAM_01,2026-09-01 16:47:06,
218,37카4929,EXIT,CAM_01,2026-09-01 18:40:06,
219,63우9561,ENTRY,CAM_01,2026-09-01 18:19:05,
220,63우9561,EXIT,CAM_01,2026-09-01 20:04:05,
221,321러9595,ENTRY,CAM_01,2026-09-01 19:44:11,
222,321러9595,EXIT,CAM_01,2026-09-01 21:39:11,
223,114바4681,ENTRY,CAM_01,2026-09-01 20:38:51,
224,114바4681,EXIT,CAM_01,2026-09-01 21:55:51,
225,44수3870,ENTRY,CAM_01,2026-09-01 20:43:52,
226,44수3870,EXIT,CAM_01,2026-09-01 20:48:52,
227,69로5781,ENTRY,CAM_01,2026-09-01 20:58:07,
228,69로5781,EXIT,CAM_01,2026-09-01 22:48:07,
229,56모9085,ENTRY,CAM_01,2026-09-02 07:02:20,
230,56모9085,EXIT,CAM_01,2026-09-02 16:43:20,
231,61하6155,ENTRY,CAM_01,2026-09-02 07:15:40,
232,61하6155,EXIT,CAM_01,2026-09-02 15:27:40,
233,864초7543,ENTRY,CAM_01,2026-09-02 07:28:10,
234,864초7543,EXIT,CAM_01,2026-09-02 19:02:10,
235,400카8433,ENTRY,CAM_01,2026-09-02 08:04:28,
236,400카8433,EXIT,CAM_01,2026-09-02 21:04:28,
237,384포6977,ENTRY,CAM_01,2026-09-02 08:04:30,
238,384포6977,EXIT,CAM_01,2026-09-02 17:37:30,
239,29주7916,ENTRY,CAM_01,2026-09-02 08:10:11,
240,29주7916,EXIT,CAM_01,2026-09-02 20:10:11,
241,208투9317,ENTRY,CAM_01,2026-09-02 08:12:24,
242,208투9317,EXIT,CAM_01,2026-09-02 17:57:24,
243,771터8517,ENTRY,CAM_01,2026-09-02 08:14:47,
244,771터8517,EXIT,CAM_01,2026-09-02 21:04:47,
245,21후2796,ENTRY,CAM_01,2026-09-02 08:15:33,
246,21후2796,EXIT,CAM_01,2026-09-02 16:23:33,
247,41부2679,ENTRY,CAM_01,2026-09-02 08:24:12,
248,41부2679,EXIT,CAM_01,2026-09-02 17:55:12,
249,91부5506,ENTRY,CAM_01,2026-09-02 08:26:53,
250,91부5506,EXIT,CAM_01,2026-09-02 16:04:53,
251,77누2876,ENTRY,CAM_01,2026-09-02 08:29:40,
252,77누2876,EXIT,CAM_01,2026-09-02 17:47:40,
253,733조4150,ENTRY,CAM_01,2026-09-02 08:31:02,
254,733조4150,EXIT,CAM_01,2026-09-02 16:28:02,
255,165커8668,ENTRY,CAM_01,2026-09-02 08:31:58,
256,165커8668,EXIT,CAM_01,2026-09-02 19:17:58,
257,368쿠7086,ENTRY,CAM_01,2026-09-02 08:34:07,
258,368쿠7086,EXIT,CAM_01,2026-09-02 08:39:07,
259,87처3646,ENTRY,CAM_01,2026-09-02 08:36:18,
260,87처3646,EXIT,CAM_01,2026-09-02 17:21:18,
261,17추6168,ENTRY,CAM_01,2026-09-02 08:40:45,
262,17추6168,EXIT,CAM_01,2026-09-02 19:19:45,
263,74오4257,ENTRY,CAM_01,2026-09-02 08:52:00,
264,74오4257,EXIT,CAM_01,2026-09-02 20:48:00,
265,818거8359,ENTRY,CAM_01,2026-09-02 08:53:37,
266,818거8359,EXIT,CAM_01,2026-09-02 16:17:37,
267,14하4811,ENTRY,CAM_01,2026-09-02 08:55:04,
268,14하4811,EXIT,CAM_01,2026-09-02 17:48:04,
269,18우5741,ENTRY,CAM_01,2026-09-02 08:55:06,
270,18우5741,EXIT,CAM_01,2026-09-02 19:23:06,
271,20후2654,ENTRY,CAM_01,2026-09-02 09:00:46,
272,20후2654,EXIT,CAM_01,2026-09-02 17:11:46,
273,199푸6635,ENTRY,CAM_01,2026-09-02 09:14:54,
274,199푸6635,EXIT,CAM_01,2026-09-02 19:26:54,
275,72처6038,ENTRY,CAM_01,2026-09-02 09:17:00,
276,72처6038,EXIT,CAM_01,2026-09-02 16:31:00,
277,36초4538,ENTRY,CAM_01,2026-09-02 09:21:15,
278,36초4538,EXIT,CAM_01,2026-09-02 12:21:15,
279,532러3547,ENTRY,CAM_01,2026-09-02 09:22:21,
280,532러3547,EXIT,CAM_01,2026-09-02 17:38:21,
281,881사2519,ENTRY,CAM_01,2026-09-02 09:29:59,
282,881사2519,EXIT,CAM_01,2026-09-02 18:23:59,
283,829마2323,ENTRY,CAM_01,2026-09-02 09:30:54,
284,829마2323,EXIT,CAM_01,2026-09-02 09:35:54,
285,479하5374,ENTRY,CAM_01,2026-09-02 09:41:05,
286,479하5374,EXIT,CAM_01,2026-09-02 17:51:05,
287,839모3927,ENTRY,CAM_01,2026-09-02 09:44:16,
288,839모3927,EXIT,CAM_01,2026-09-02 17:33:16,
289,227바5803,ENTRY,CAM_01,2026-09-02 09:45:58,
290,227바5803,EXIT,CAM_01,2026-09-02 19:38:58,
291,849쿠2133,ENTRY,CAM_01,2026-09-02 09:53:57,
292,849쿠2133,EXIT,CAM_01,2026-09-02 18:17:57,
293,649우6573,ENTRY,CAM_01,2026-09-02 09:57:18,
294,649우6573,EXIT,CAM_01,2026-09-02 20:26:18,
295,734토4626,ENTRY,CAM_01,2026-09-02 10:14:30,
296,734토4626,EXIT,CAM_01,2026-09-02 11:54:30,
297,68호1349,ENTRY,CAM_01,2026-09-02 12:07:54,
298,68호1349,EXIT,CAM_01,2026-09-02 15:30:54,
299,633노1510,ENTRY,CAM_01,2026-09-02 12:39:02,
300,633노1510,EXIT,CAM_01,2026-09-02 14:09:02,
301,381커9692,ENTRY,CAM_01,2026-09-02 13:09:04,
302,381커9692,EXIT,CAM_01,2026-09-02 15:16:04,
303,79퍼2622,ENTRY,CAM_01,2026-09-02 13:23:42,
304,79퍼2622,EXIT,CAM_01,2026-09-02 16:06:42,
305,657라7523,ENTRY,CAM_01,2026-09-02 14:15:54,
306,657라7523,EXIT,CAM_01,2026-09-02 14:20:54,
307,43부7897,ENTRY,CAM_01,2026-09-02 15:01:11,
308,43부7897,EXIT,CAM_01,2026-09-02 15:48:11,
309,75고9254,ENTRY,CAM_01,2026-09-02 15:47:04,
310,75고9254,EXIT,CAM_01,2026-09-02 15:52:04,
311,96포2591,ENTRY,CAM_01,2026-09-02 16:22:14,
312,96포2591,EXIT,CAM_01,2026-09-02 16:42:14,
313,93자1742,ENTRY,CAM_01,2026-09-02 16:40:52,
314,93자1742,EXIT,CAM_01,2026-09-02 16:45:52,
315,32주9837,ENTRY,CAM_01,2026-09-02 17:05:58,
316,32주9837,EXIT,CAM_01,2026-09-02 17:52:58,
317,28러3370,ENTRY,CAM_01,2026-09-02 18:14:21,
318,28러3370,EXIT,CAM_01,2026-09-02 19:21:21,
319,74더8894,ENTRY,CAM_01,2026-09-02 18:23:33,
320,74더8894,EXIT,CAM_01,2026-09-02 21:13:33,
321,133하8264,ENTRY,CAM_01,2026-09-02 18:39:26,
322,133하8264,EXIT,CAM_01,2026-09-02 19:25:26,
323,966바7464,ENTRY,CAM_01,2026-09-02 18:46:43,
324,966바7464,EXIT,CAM_01,2026-09-02 18:51:43,
325,24소3222,ENTRY,CAM_01,2026-09-02 19:19:31,
326,24소3222,EXIT,CAM_01,2026-09-02 20:54:31,
327,907다6977,ENTRY,CAM_01,2026-09-02 19:41:02,
328,907다6977,EXIT,CAM_01,2026-09-02 19:52:02,
329,69수4696,ENTRY,CAM_01,2026-09-02 20:18:47,
330,69수4696,EXIT,CAM_01,2026-09-02 22:47:47,
331,13저4898,ENTRY,CAM_01,2026-09-02 20:34:16,
332,13저4898,EXIT,CAM_01,2026-09-02 21:57:16,
333,165커8668,ENTRY,CAM_01,2026-09-03 07:00:13,
334,165커8668,EXIT,CAM_01,2026-09-03 16:00:13,
335,199푸6635,ENTRY,CAM_01,2026-09-03 07:18:38,
336,199푸6635,EXIT,CAM_01,2026-09-03 18:15:38,
337,21후2796,ENTRY,CAM_01,2026-09-03 07:22:27,
338,21후2796,EXIT,CAM_01,2026-09-03 18:25:27,
339,227바5803,ENTRY,CAM_01,2026-09-03 07:22:54,
340,227바5803,EXIT,CAM_01,2026-09-03 18:50:54,
341,79코6310,ENTRY,CAM_01,2026-09-03 07:25:01,
342,79코6310,EXIT,CAM_01,2026-09-03 17:39:01,
343,208투9317,ENTRY,CAM_01,2026-09-03 07:29:58,
344,208투9317,EXIT,CAM_01,2026-09-03 17:57:58,
345,87무8527,ENTRY,CAM_01,2026-09-03 07:36:32,
346,87무8527,EXIT,CAM_01,2026-09-03 17:26:32,
347,479하5374,ENTRY,CAM_01,2026-09-03 07:38:59,
348,479하5374,EXIT,CAM_01,2026-09-03 15:44:59,
349,864초7543,ENTRY,CAM_01,2026-09-03 07:43:05,
350,864초7543,EXIT,CAM_01,2026-09-03 16:44:05,
351,733조4150,ENTRY,CAM_01,2026-09-03 07:48:17,
352,733조4150,EXIT,CAM_01,2026-09-03 14:42:17,
353,28너9830,ENTRY,CAM_01,2026-09-03 07:56:03,
354,28너9830,EXIT,CAM_01,2026-09-03 14:42:03,
355,99코3803,ENTRY,CAM_01,2026-09-03 08:01:11,
356,99코3803,EXIT,CAM_01,2026-09-03 16:58:11,
357,29주7916,ENTRY,CAM_01,2026-09-03 08:02:14,
358,29주7916,EXIT,CAM_01,2026-09-03 18:48:14,
359,400카8433,ENTRY,CAM_01,2026-09-03 08:04:25,
360,400카8433,EXIT,CAM_01,2026-09-03 18:42:25,
361,40조2290,ENTRY,CAM_01,2026-09-03 08:05:27,
362,40조2290,EXIT,CAM_01,2026-09-03 17:13:27,
363,77누2876,ENTRY,CAM_01,2026-09-03 08:18:20,
364,77누2876,EXIT,CAM_01,2026-09-03 18:36:20,
365,74오4257,ENTRY,CAM_01,2026-09-03 08:23:09,
366,74오4257,EXIT,CAM_01,2026-09-03 16:25:09,
367,771터8517,ENTRY,CAM_01,2026-09-03 08:23:19,
368,771터8517,EXIT,CAM_01,2026-09-03 17:15:19,
369,61하6155,ENTRY,CAM_01,2026-09-03 08:24:26,
370,61하6155,EXIT,CAM_01,2026-09-03 13:43:26,
371,41부2679,ENTRY,CAM_01,2026-09-03 08:27:28,
372,41부2679,EXIT,CAM_01,2026-09-03 14:58:28,
373,532러3547,ENTRY,CAM_01,2026-09-03 08:42:07,
374,532러3547,EXIT,CAM_01,2026-09-03 15:26:07,
375,85수3615,ENTRY,CAM_01,2026-09-03 08:51:08,
376,85수3615,EXIT,CAM_01,2026-09-03 17:36:08,
377,58누6313,ENTRY,CAM_01,2026-09-03 08:55:09,
378,58누6313,EXIT,CAM_01,2026-09-03 20:45:09,
379,818거8359,ENTRY,CAM_01,2026-09-03 09:04:05,
380,818거8359,EXIT,CAM_01,2026-09-03 18:43:05,
381,17추6168,ENTRY,CAM_01,2026-09-03 09:04:09,
382,17추6168,EXIT,CAM_01,2026-09-03 18:10:09,
383,94어2335,ENTRY,CAM_01,2026-09-03 09:06:35,
384,94어2335,EXIT,CAM_01,2026-09-03 09:59:35,
385,91부5506,ENTRY,CAM_01,2026-09-03 09:06:50,
386,91부5506,EXIT,CAM_01,2026-09-03 17:33:50,
387,14하4811,ENTRY,CAM_01,2026-09-03 09:25:26,
388,14하4811,EXIT,CAM_01,2026-09-03 18:35:26,
389,56모9085,ENTRY,CAM_01,2026-09-03 09:26:17,
390,56모9085,EXIT,CAM_01,2026-09-03 20:57:17,
391,76머2374,ENTRY,CAM_01,2026-09-03 09:30:55,
392,76머2374,EXIT,CAM_01,2026-09-03 09:35:55,
393,78자8787,ENTRY,CAM_01,2026-09-03 09:33:05,
394,78자8787,EXIT,CAM_01,2026-09-03 17:51:05,
395,262처5634,ENTRY,CAM_01,2026-09-03 09:45:28,
396,262처5634,EXIT,CAM_01,2026-09-03 12:12:28,
397,87처3646,ENTRY,CAM_01,2026-09-03 09:45:40,
398,87처3646,EXIT,CAM_01,2026-09-03 19:41:40,
399,649우6573,ENTRY,CAM_01,2026-09-03 09:47:27,
400,649우6573,EXIT,CAM_01,2026-09-03 19:46:27,
401,729노1672,ENTRY,CAM_01,2026-09-03 10:55:54,
402,729노1672,EXIT,CAM_01,2026-09-03 12:40:54,
403,53모3827,ENTRY,CAM_01,2026-09-03 10:57:53,
404,53모3827,EXIT,CAM_01,2026-09-03 11:28:53,
405,746주5500,ENTRY,CAM_01,2026-09-03 11:04:30,
406,746주5500,EXIT,CAM_01,2026-09-03 11:35:30,
407,22구6517,ENTRY,CAM_01,2026-09-03 11:08:09,
408,22구6517,EXIT,CAM_01,2026-09-03 14:05:09,
409,87타9095,ENTRY,CAM_01,2026-09-03 11:12:11,
410,87타9095,EXIT,CAM_01,2026-09-03 14:28:11,
411,92너2684,ENTRY,CAM_01,2026-09-03 11:49:22,
412,92너2684,EXIT,CAM_01,2026-09-03 11:54:22,
413,95호7937,ENTRY,CAM_01,2026-09-03 12:24:41,
414,95호7937,EXIT,CAM_01,2026-09-03 14:07:41,
415,19보9355,ENTRY,CAM_01,2026-09-03 12:49:10,
416,19보9355,EXIT,CAM_01,2026-09-03 14:35:10,
417,96주6482,ENTRY,CAM_01,2026-09-03 13:49:21,
418,96주6482,EXIT,CAM_01,2026-09-03 14:59:21,
419,49어8967,ENTRY,CAM_01,2026-09-03 14:01:23,
420,49어8967,EXIT,CAM_01,2026-09-03 14:06:23,
421,35후5096,ENTRY,CAM_01,2026-09-03 14:26:10,
422,35후5096,EXIT,CAM_01,2026-09-03 14:31:10,
423,758후6179,ENTRY,CAM_01,2026-09-03 14:36:48,
424,758후6179,EXIT,CAM_01,2026-09-03 14:41:48,
425,70라8381,ENTRY,CAM_01,2026-09-03 14:51:36,
426,70라8381,EXIT,CAM_01,2026-09-03 15:35:36,
427,417자2388,ENTRY,CAM_01,2026-09-03 15:09:58,
428,417자2388,EXIT,CAM_01,2026-09-03 15:39:58,
429,158투5703,ENTRY,CAM_01,2026-09-03 15:22:32,
430,158투5703,EXIT,CAM_01,2026-09-03 17:36:32,
431,250바4637,ENTRY,CAM_01,2026-09-03 17:17:28,
432,250바4637,EXIT,CAM_01,2026-09-03 20:13:28,
433,86카3962,ENTRY,CAM_01,2026-09-03 18:39:08,
434,86카3962,EXIT,CAM_01,2026-09-03 20:47:08,
435,144처4891,ENTRY,CAM_01,2026-09-03 18:49:39,
436,144처4891,EXIT,CAM_01,2026-09-03 20:17:39,
437,614너7326,ENTRY,CAM_01,2026-09-03 18:56:22,
438,614너7326,EXIT,CAM_01,2026-09-03 21:07:22,
439,572우7256,ENTRY,CAM_01,2026-09-03 19:12:23,
440,572우7256,EXIT,CAM_01,2026-09-03 19:53:23,
441,13투6493,ENTRY,CAM_01,2026-09-03 20:23:14,
442,13투6493,EXIT,CAM_01,2026-09-03 21:11:14,
443,67버8684,ENTRY,CAM_01,2026-09-03 20:39:18,
444,67버8684,EXIT,CAM_01,2026-09-03 21:20:18,
445,85수3615,ENTRY,CAM_01,2026-09-04 07:03:15,
446,85수3615,EXIT,CAM_01,2026-09-04 14:02:15,
447,227바5803,ENTRY,CAM_01,2026-09-04 07:24:55,
448,227바5803,EXIT,CAM_01,2026-09-04 15:08:55,
449,849쿠2133,ENTRY,CAM_01,2026-09-04 07:36:08,
450,849쿠2133,EXIT,CAM_01,2026-09-04 15:26:08,
451,199푸6635,ENTRY,CAM_01,2026-09-04 07:39:22,
452,199푸6635,EXIT,CAM_01,2026-09-04 15:53:22,
453,881사2519,ENTRY,CAM_01,2026-09-04 07:40:32,
454,881사2519,EXIT,CAM_01,2026-09-04 14:52:32,
455,56모9085,ENTRY,CAM_01,2026-09-04 07:46:27,
456,56모9085,EXIT,CAM_01,2026-09-04 17:09:27,
457,818거8359,ENTRY,CAM_01,2026-09-04 07:49:18,
458,818거8359,EXIT,CAM_01,2026-09-04 16:25:18,
459,99코3803,ENTRY,CAM_01,2026-09-04 07:50:12,
460,99코3803,EXIT,CAM_01,2026-09-04 15:31:12,
461,532러3547,ENTRY,CAM_01,2026-09-04 07:53:57,
462,532러3547,EXIT,CAM_01,2026-09-04 18:30:57,
463,14하4811,ENTRY,CAM_01,2026-09-04 07:57:05,
464,14하4811,EXIT,CAM_01,2026-09-04 17:46:05,
465,479하5374,ENTRY,CAM_01,2026-09-04 08:04:45,
466,479하5374,EXIT,CAM_01,2026-09-04 17:40:45,
467,78자8787,ENTRY,CAM_01,2026-09-04 08:07:01,
468,78자8787,EXIT,CAM_01,2026-09-04 17:10:01,
469,20후2654,ENTRY,CAM_01,2026-09-04 08:08:02,
470,20후2654,EXIT,CAM_01,2026-09-04 16:38:02,
471,771터8517,ENTRY,CAM_01,2026-09-04 08:17:07,
472,771터8517,EXIT,CAM_01,2026-09-04 18:06:07,
473,17추6168,ENTRY,CAM_01,2026-09-04 08:18:22,
474,17추6168,EXIT,CAM_01,2026-09-04 17:30:22,
475,72처6038,ENTRY,CAM_01,2026-09-04 08:23:24,
476,72처6038,EXIT,CAM_01,2026-09-04 18:04:24,
477,29주7916,ENTRY,CAM_01,2026-09-04 08:28:38,
478,29주7916,EXIT,CAM_01,2026-09-04 18:21:38,
479,864초7543,ENTRY,CAM_01,2026-09-04 08:31:44,
480,864초7543,EXIT,CAM_01,2026-09-04 14:26:44,
481,58누6313,ENTRY,CAM_01,2026-09-04 08:32:25,
482,58누6313,EXIT,CAM_01,2026-09-04 19:44:25,
483,21후2796,ENTRY,CAM_01,2026-09-04 08:34:18,
484,21후2796,EXIT,CAM_01,2026-09-04 17:38:18,
485,165커8668,ENTRY,CAM_01,2026-09-04 08:44:28,
486,165커8668,EXIT,CAM_01,2026-09-04 17:48:28,
487,18우5741,ENTRY,CAM_01,2026-09-04 08:46:42,
488,18우5741,EXIT,CAM_01,2026-09-04 16:41:42,
489,74오4257,ENTRY,CAM_01,2026-09-04 08:53:09,
490,74오4257,EXIT,CAM_01,2026-09-04 15:54:09,
491,41부2679,ENTRY,CAM_01,2026-09-04 08:58:53,
492,41부2679,EXIT,CAM_01,2026-09-04 15:30:53,
493,79코6310,ENTRY,CAM_01,2026-09-04 09:02:08,
494,79코6310,EXIT,CAM_01,2026-09-04 16:13:08,
495,87무8527,ENTRY,CAM_01,2026-09-04 09:11:42,
496,87무8527,EXIT,CAM_01,2026-09-04 17:37:42,
497,649우6573,ENTRY,CAM_01,2026-09-04 09:17:40,
498,649우6573,EXIT,CAM_01,2026-09-04 18:58:40,
499,733조4150,ENTRY,CAM_01,2026-09-04 09:23:16,
500,733조4150,EXIT,CAM_01,2026-09-04 18:41:16,
501,40조2290,ENTRY,CAM_01,2026-09-04 09:23:23,
502,40조2290,EXIT,CAM_01,2026-09-04 18:35:23,
503,208투9317,ENTRY,CAM_01,2026-09-04 09:23:32,
504,208투9317,EXIT,CAM_01,2026-09-04 19:25:32,
505,384포6977,ENTRY,CAM_01,2026-09-04 09:44:30,
506,384포6977,EXIT,CAM_01,2026-09-04 20:09:30,
507,28너9830,ENTRY,CAM_01,2026-09-04 09:57:24,
508,28너9830,EXIT,CAM_01,2026-09-04 17:45:24,
509,578버9148,ENTRY,CAM_01,2026-09-04 11:10:31,
510,578버9148,EXIT,CAM_01,2026-09-04 13:40:31,
511,454푸2292,ENTRY,CAM_01,2026-09-04 11:59:45,
512,454푸2292,EXIT,CAM_01,2026-09-04 13:11:45,
513,88모3762,ENTRY,CAM_01,2026-09-04 12:40:35,
514,88모3762,EXIT,CAM_01,2026-09-04 13:42:35,
515,53서6231,ENTRY,CAM_01,2026-09-04 13:29:13,
516,53서6231,EXIT,CAM_01,2026-09-04 13:57:13,
517,62자6194,ENTRY,CAM_01,2026-09-04 13:45:46,
518,62자6194,EXIT,CAM_01,2026-09-04 13:58:46,
519,41라5754,ENTRY,CAM_01,2026-09-04 14:17:28,
520,41라5754,EXIT,CAM_01,2026-09-04 15:27:28,
521,820하5678,ENTRY,CAM_01,2026-09-04 14:24:58,
522,820하5678,EXIT,CAM_01,2026-09-04 14:55:58,
523,19카8202,ENTRY,CAM_01,2026-09-04 14:51:51,
524,19카8202,EXIT,CAM_01,2026-09-04 15:45:51,
525,48루3852,ENTRY,CAM_01,2026-09-04 15:18:57,
526,48루3852,EXIT,CAM_01,2026-09-04 15:23:57,
527,80마6067,ENTRY,CAM_01,2026-09-04 15:23:29,
528,80마6067,EXIT,CAM_01,2026-09-04 17:05:29,
529,774투1674,ENTRY,CAM_01,2026-09-04 15:37:09,
530,774투1674,EXIT,CAM_01,2026-09-04 18:15:09,
531,658호5949,ENTRY,CAM_01,2026-09-04 16:01:31,
532,658호5949,EXIT,CAM_01,2026-09-04 17:40:31,
533,629자3981,ENTRY,CAM_01,2026-09-04 16:28:29,
534,629자3981,EXIT,CAM_01,2026-09-04 17:51:29,
535,25고3828,ENTRY,CAM_01,2026-09-04 16:31:12,
536,25고3828,EXIT,CAM_01,2026-09-04 17:28:12,
537,25버3697,ENTRY,CAM_01,2026-09-04 17:08:27,
538,25버3697,EXIT,CAM_01,2026-09-04 17:13:27,
539,342나6912,ENTRY,CAM_01,2026-09-04 17:32:14,
540,342나6912,EXIT,CAM_01,2026-09-04 19:16:14,
541,57서4960,ENTRY,CAM_01,2026-09-04 17:55:22,
542,57서4960,EXIT,CAM_01,2026-09-04 19:41:22,
543,83우7825,ENTRY,CAM_01,2026-09-04 18:01:05,
544,83우7825,EXIT,CAM_01,2026-09-04 20:38:05,
545,783루2063,ENTRY,CAM_01,2026-09-04 19:28:05,
546,783루2063,EXIT,CAM_01,2026-09-04 21:41:05,
547,933조6123,ENTRY,CAM_01,2026-09-04 19:55:39,
548,933조6123,EXIT,CAM_01,2026-09-04 20:00:39,
549,882처1741,ENTRY,CAM_01,2026-09-05 08:06:27,
550,882처1741,EXIT,CAM_01,2026-09-05 09:52:27,
551,84라5609,ENTRY,CAM_01,2026-09-05 10:25:32,
552,84라5609,EXIT,CAM_01,2026-09-05 10:57:32,
553,471마7329,ENTRY,CAM_01,2026-09-05 13:36:35,
554,471마7329,EXIT,CAM_01,2026-09-05 15:26:35,
555,788머9793,ENTRY,CAM_01,2026-09-05 14:56:53,
556,788머9793,EXIT,CAM_01,2026-09-05 16:22:53,
557,255두4340,ENTRY,CAM_01,2026-09-06 09:44:07,
558,255두4340,EXIT,CAM_01,2026-09-06 11:22:07,
559,893차4968,ENTRY,CAM_01,2026-09-06 11:40:46,
560,893차4968,EXIT,CAM_01,2026-09-06 11:45:46,
561,266토5902,ENTRY,CAM_01,2026-09-06 11:59:39,
562,266토5902,EXIT,CAM_01,2026-09-06 13:36:39,
563,631차9446,ENTRY,CAM_01,2026-09-06 13:02:02,
564,631차9446,EXIT,CAM_01,2026-09-06 15:49:02,
565,56파9341,ENTRY,CAM_01,2026-09-06 13:21:35,
566,56파9341,EXIT,CAM_01,2026-09-06 13:26:35,
567,758토8932,ENTRY,CAM_01,2026-09-06 13:22:43,
568,758토8932,EXIT,CAM_01,2026-09-06 14:36:43,
569,697주1436,ENTRY,CAM_01,2026-09-06 13:43:07,
570,697주1436,EXIT,CAM_01,2026-09-06 14:53:07,
571,70루3262,ENTRY,CAM_01,2026-09-06 13:49:39,
572,70루3262,EXIT,CAM_01,2026-09-06 16:04:39,
573,88사7453,ENTRY,CAM_01,2026-09-06 14:35:17,
574,88사7453,EXIT,CAM_01,2026-09-06 16:28:17,
575,58노9734,ENTRY,CAM_01,2026-09-06 14:35:20,
576,58노9734,EXIT,CAM_01,2026-09-06 16:58:20,
577,83초8871,ENTRY,CAM_01,2026-09-06 15:16:41,
578,83초8871,EXIT,CAM_01,2026-09-06 16:52:41,
579,406쿠1272,ENTRY,CAM_01,2026-09-06 15:32:53,
580,406쿠1272,EXIT,CAM_01,2026-09-06 15:37:53,
581,849쿠2133,ENTRY,CAM_01,2026-09-07 07:16:41,
582,849쿠2133,EXIT,CAM_01,2026-09-07 15:54:41,
583,532러3547,ENTRY,CAM_01,2026-09-07 07:18:45,
584,532러3547,EXIT,CAM_01,2026-09-07 19:37:45,
585,87처3646,ENTRY,CAM_01,2026-09-07 07:25:42,
586,87처3646,EXIT,CAM_01,2026-09-07 15:49:42,
587,56모9085,ENTRY,CAM_01,2026-09-07 07:59:21,
588,56모9085,EXIT,CAM_01,2026-09-07 16:20:21,
589,77누2876,ENTRY,CAM_01,2026-09-07 08:00:47,
590,77누2876,EXIT,CAM_01,2026-09-07 19:27:47,
591,87무8527,ENTRY,CAM_01,2026-09-07 08:08:06,
592,87무8527,EXIT,CAM_01,2026-09-07 15:58:06,
593,91부5506,ENTRY,CAM_01,2026-09-07 08:17:35,
594,91부5506,EXIT,CAM_01,2026-09-07 16:32:35,
595,74오4257,ENTRY,CAM_01,2026-09-07 08:18:07,
596,74오4257,EXIT,CAM_01,2026-09-07 15:57:07,
597,18우5741,ENTRY,CAM_01,2026-09-07 08:26:41,
598,18우5741,EXIT,CAM_01,2026-09-07 18:09:41,
599,79코6310,ENTRY,CAM_01,2026-09-07 08:30:20,
600,79코6310,EXIT,CAM_01,2026-09-07 17:59:20,
601,78카8573,ENTRY,CAM_01,2026-09-07 08:34:47,
602,78카8573,EXIT,CAM_01,2026-09-07 19:50:47,
603,649우6573,ENTRY,CAM_01,2026-09-07 08:36:43,
604,649우6573,EXIT,CAM_01,2026-09-07 17:58:43,
605,227바5803,ENTRY,CAM_01,2026-09-07 08:40:14,
606,227바5803,EXIT,CAM_01,2026-09-07 16:40:14,
607,479하5374,ENTRY,CAM_01,2026-09-07 08:48:18,
608,479하5374,EXIT,CAM_01,2026-09-07 17:11:18,
609,85수3615,ENTRY,CAM_01,2026-09-07 08:49:51,
610,85수3615,EXIT,CAM_01,2026-09-07 17:18:51,
611,165커8668,ENTRY,CAM_01,2026-09-07 08:51:07,
612,165커8668,EXIT,CAM_01,2026-09-07 17:00:07,
613,864초7543,ENTRY,CAM_01,2026-09-07 08:56:02,
614,864초7543,EXIT,CAM_01,2026-09-07 18:54:02,
615,771터8517,ENTRY,CAM_01,2026-09-07 08:59:58,
616,771터8517,EXIT,CAM_01,2026-09-07 21:05:58,
617,881사2519,ENTRY,CAM_01,2026-09-07 09:13:12,
618,881사2519,EXIT,CAM_01,2026-09-07 20:10:12,
619,78자8787,ENTRY,CAM_01,2026-09-07 09:19:10,
620,78자8787,EXIT,CAM_01,2026-09-07 19:30:10,
621,14하4811,ENTRY,CAM_01,2026-09-07 09:20:30,
622,14하4811,EXIT,CAM_01,2026-09-07 22:04:30,
623,733조4150,ENTRY,CAM_01,2026-09-07 09:21:45,
624,733조4150,EXIT,CAM_01,2026-09-07 16:26:45,
625,72처6038,ENTRY,CAM_01,2026-09-07 09:48:17,
626,72처6038,EXIT,CAM_01,2026-09-07 19:03:17,
627,21후2796,ENTRY,CAM_01,2026-09-07 09:56:08,
628,21후2796,EXIT,CAM_01,2026-09-07 22:56:08,
629,77투1056,ENTRY,CAM_01,2026-09-07 10:34:25,
630,77투1056,EXIT,CAM_01,2026-09-07 12:53:25,
631,565퍼9998,ENTRY,CAM_01,2026-09-07 11:08:30,
632,565퍼9998,EXIT,CAM_01,2026-09-07 11:16:30,
633,96너1724,ENTRY,CAM_01,2026-09-07 12:04:06,
634,96너1724,EXIT,CAM_01,2026-09-07 12:24:06,
635,38추8586,ENTRY,CAM_01,2026-09-07 12:11:48,
636,38추8586,EXIT,CAM_01,2026-09-07 12:42:48,
637,57라5398,ENTRY,CAM_01,2026-09-07 12:21:41,
638,57라5398,EXIT,CAM_01,2026-09-07 14:33:41,
639,37자9255,ENTRY,CAM_01,2026-09-07 13:14:34,
640,37자9255,EXIT,CAM_01,2026-09-07 13:52:34,
641,132토1256,ENTRY,CAM_01,2026-09-07 13:17:12,
642,132토1256,EXIT,CAM_01,2026-09-07 13:25:12,
643,15파4555,ENTRY,CAM_01,2026-09-07 13:38:38,
644,15파4555,EXIT,CAM_01,2026-09-07 15:24:38,
645,49터5169,ENTRY,CAM_01,2026-09-07 14:29:36,
646,49터5169,EXIT,CAM_01,2026-09-07 16:46:36,
647,11부2922,ENTRY,CAM_01,2026-09-07 14:55:58,
648,11부2922,EXIT,CAM_01,2026-09-07 15:00:58,
649,82투9972,ENTRY,CAM_01,2026-09-07 15:23:04,
650,82투9972,EXIT,CAM_01,2026-09-07 15:28:04,
651,537라6642,ENTRY,CAM_01,2026-09-07 15:37:56,
652,537라6642,EXIT,CAM_01,2026-09-07 16:48:56,
653,415처9401,ENTRY,CAM_01,2026-09-07 15:49:18,
654,415처9401,EXIT,CAM_01,2026-09-07 16:09:18,
655,220처4618,ENTRY,CAM_01,2026-09-07 16:59:57,
656,220처4618,EXIT,CAM_01,2026-09-07 19:32:57,
657,78너8546,ENTRY,CAM_01,2026-09-07 17:19:29,
658,78너8546,EXIT,CAM_01,2026-09-07 17:59:29,
659,75노3161,ENTRY,CAM_01,2026-09-07 17:31:05,
660,75노3161,EXIT,CAM_01,2026-09-07 18:37:05,
661,132퍼3948,ENTRY,CAM_01,2026-09-07 17:34:03,
662,132퍼3948,EXIT,CAM_01,2026-09-07 19:09:03,
663,41터4921,ENTRY,CAM_01,2026-09-07 17:48:30,
664,41터4921,EXIT,CAM_01,2026-09-07 21:13:30,
665,530커8348,ENTRY,CAM_01,2026-09-07 17:49:41,
666,530커8348,EXIT,CAM_01,2026-09-07 18:54:41,
667,523러1998,ENTRY,CAM_01,2026-09-07 18:42:33,
668,523러1998,EXIT,CAM_01,2026-09-07 19:17:33,
669,84허6644,ENTRY,CAM_01,2026-09-07 18:47:13,
670,84허6644,EXIT,CAM_01,2026-09-07 20:25:13,
671,94호6697,ENTRY,CAM_01,2026-09-07 18:58:24,
672,94호6697,EXIT,CAM_01,2026-09-07 19:08:24,
673,76누4365,ENTRY,CAM_01,2026-09-07 19:12:36,
674,76누4365,EXIT,CAM_01,2026-09-07 19:51:36,
675,63커4978,ENTRY,CAM_01,2026-09-07 19:35:26,
676,63커4978,EXIT,CAM_01,2026-09-07 20:39:26,
677,426퍼3444,ENTRY,CAM_01,2026-09-07 19:42:24,
678,426퍼3444,EXIT,CAM_01,2026-09-07 20:19:24,
679,41보8319,ENTRY,CAM_01,2026-09-07 19:48:34,
680,41보8319,EXIT,CAM_01,2026-09-07 21:38:34,
681,712너5944,ENTRY,CAM_01,2026-09-07 20:14:52,
682,712너5944,EXIT,CAM_01,2026-09-07 22:37:52,
683,479하5374,ENTRY,CAM_01,2026-09-08 07:00:34,
684,479하5374,EXIT,CAM_01,2026-09-08 13:40:34,
685,99코3803,ENTRY,CAM_01,2026-09-08 07:01:33,
686,99코3803,EXIT,CAM_01,2026-09-08 16:01:33,
687,28너9830,ENTRY,CAM_01,2026-09-08 07:05:25,
688,28너9830,EXIT,CAM_01,2026-09-08 15:02:25,
689,87무8527,ENTRY,CAM_01,2026-09-08 07:33:02,
690,87무8527,EXIT,CAM_01,2026-09-08 17:07:02,
691,58누6313,ENTRY,CAM_01,2026-09-08 07:33:09,
692,58누6313,EXIT,CAM_01,2026-09-08 17:00:09,
693,771터8517,ENTRY,CAM_01,2026-09-08 07:41:54,
694,771터8517,EXIT,CAM_01,2026-09-08 15:12:54,
695,864초7543,ENTRY,CAM_01,2026-09-08 07:44:10,
696,864초7543,EXIT,CAM_01,2026-09-08 18:22:10,
697,733조4150,ENTRY,CAM_01,2026-09-08 07:48:00,
698,733조4150,EXIT,CAM_01,2026-09-08 14:40:00,
699,18우5741,ENTRY,CAM_01,2026-09-08 08:00:13,
700,18우5741,EXIT,CAM_01,2026-09-08 18:50:13,
701,14하4811,ENTRY,CAM_01,2026-09-08 08:01:16,
702,14하4811,EXIT,CAM_01,2026-09-08 18:20:16,
703,78자8787,ENTRY,CAM_01,2026-09-08 08:03:06,
704,78자8787,EXIT,CAM_01,2026-09-08 20:50:06,
705,20후2654,ENTRY,CAM_01,2026-09-08 08:03:39,
706,20후2654,EXIT,CAM_01,2026-09-08 15:06:39,
707,85수3615,ENTRY,CAM_01,2026-09-08 08:16:48,
708,85수3615,EXIT,CAM_01,2026-09-08 19:17:48,
709,17추6168,ENTRY,CAM_01,2026-09-08 08:17:50,
710,17추6168,EXIT,CAM_01,2026-09-08 19:41:50,
711,96초7912,ENTRY,CAM_01,2026-09-08 08:23:20,
712,96초7912,EXIT,CAM_01,2026-09-08 16:03:20,
713,61하6155,ENTRY,CAM_01,2026-09-08 08:25:29,
714,61하6155,EXIT,CAM_01,2026-09-08 13:33:29,
715,818거8359,ENTRY,CAM_01,2026-09-08 08:31:35,
716,818거8359,EXIT,CAM_01,2026-09-08 18:52:35,
717,208투9317,ENTRY,CAM_01,2026-09-08 08:37:09,
718,208투9317,EXIT,CAM_01,2026-09-08 17:47:09,
719,199푸6635,ENTRY,CAM_01,2026-09-08 08:46:34,
720,199푸6635,EXIT,CAM_01,2026-09-08 14:45:34,
721,400카8433,ENTRY,CAM_01,2026-09-08 08:57:34,
722,400카8433,EXIT,CAM_01,2026-09-08 17:55:34,
723,77누2876,ENTRY,CAM_01,2026-09-08 09:17:02,
724,77누2876,EXIT,CAM_01,2026-09-08 22:13:02,
725,74오4257,ENTRY,CAM_01,2026-09-08 09:18:09,
726,74오4257,EXIT,CAM_01,2026-09-08 18:59:09,
727,532러3547,ENTRY,CAM_01,2026-09-08 09:29:10,
728,532러3547,EXIT,CAM_01,2026-09-08 15:17:10,
729,56모9085,ENTRY,CAM_01,2026-09-08 09:41:50,
730,56모9085,EXIT,CAM_01,2026-09-08 16:59:50,
731,72처6038,ENTRY,CAM_01,2026-09-08 09:43:57,
732,72처6038,EXIT,CAM_01,2026-09-08 20:53:57,
733,40조2290,ENTRY,CAM_01,2026-09-08 09:48:47,
734,40조2290,EXIT,CAM_01,2026-09-08 21:59:47,
735,41부2679,ENTRY,CAM_01,2026-09-08 09:48:53,
736,41부2679,EXIT,CAM_01,2026-09-08 20:23:53,
737,78카8573,ENTRY,CAM_01,2026-09-08 09:51:58,
738,78카8573,EXIT,CAM_01,2026-09-08 17:21:58,
739,79코6310,ENTRY,CAM_01,2026-09-08 09:59:04,
740,79코6310,EXIT,CAM_01,2026-09-08 18:43:04,
741,23타8061,ENTRY,CAM_01,2026-09-08 10:00:19,
742,23타8061,EXIT,CAM_01,2026-09-08 10:05:19,
743,510소1602,ENTRY,CAM_01,2026-09-08 10:38:30,
744,510소1602,EXIT,CAM_01,2026-09-08 12:36:30,
745,545퍼5911,ENTRY,CAM_01,2026-09-08 11:17:19,
746,545퍼5911,EXIT,CAM_01,2026-09-08 12:28:19,
747,257서6909,ENTRY,CAM_01,2026-09-08 11:45:50,
748,257서6909,EXIT,CAM_01,2026-09-08 13:42:50,
749,506나5478,ENTRY,CAM_01,2026-09-08 12:04:21,
750,506나5478,EXIT,CAM_01,2026-09-08 12:13:21,
751,53누3692,ENTRY,CAM_01,2026-09-08 13:19:02,
752,53누3692,EXIT,CAM_01,2026-09-08 14:44:02,
753,85저1402,ENTRY,CAM_01,2026-09-08 13:49:43,
754,85저1402,EXIT,CAM_01,2026-09-08 15:07:43,
755,33무8563,ENTRY,CAM_01,2026-09-08 13:59:36,
756,33무8563,EXIT,CAM_01,2026-09-08 16:17:36,
757,352코4203,ENTRY,CAM_01,2026-09-08 14:04:23,
758,352코4203,EXIT,CAM_01,2026-09-08 15:52:23,
759,489고6484,ENTRY,CAM_01,2026-09-08 14:08:19,
760,489고6484,EXIT,CAM_01,2026-09-08 16:23:19,
761,456어8460,ENTRY,CAM_01,2026-09-08 14:18:26,
762,456어8460,EXIT,CAM_01,2026-09-08 15:55:26,
763,62바6798,ENTRY,CAM_01,2026-09-08 14:35:32,
764,62바6798,EXIT,CAM_01,2026-09-08 16:24:32,
765,93버6253,ENTRY,CAM_01,2026-09-08 14:52:55,
766,93버6253,EXIT,CAM_01,2026-09-08 16:09:55,
767,398커2387,ENTRY,CAM_01,2026-09-08 15:38:38,
768,398커2387,EXIT,CAM_01,2026-09-08 17:18:38,
769,832주7176,ENTRY,CAM_01,2026-09-08 16:08:40,
770,832주7176,EXIT,CAM_01,2026-09-08 17:08:40,
771,92조7547,ENTRY,CAM_01,2026-09-08 16:22:10,
772,92조7547,EXIT,CAM_01,2026-09-08 16:51:10,
773,41바5390,ENTRY,CAM_01,2026-09-08 16:42:24,
774,41바5390,EXIT,CAM_01,2026-09-08 19:08:24,
775,426부9044,ENTRY,CAM_01,2026-09-08 16:44:12,
776,426부9044,EXIT,CAM_01,2026-09-08 17:21:12,
777,91우5067,ENTRY,CAM_01,2026-09-08 17:23:44,
778,91우5067,EXIT,CAM_01,2026-09-08 19:36:44,
779,464허4043,ENTRY,CAM_01,2026-09-08 17:28:31,
780,464허4043,EXIT,CAM_01,2026-09-08 17:52:31,
781,54고8412,ENTRY,CAM_01,2026-09-08 17:33:30,
782,54고8412,EXIT,CAM_01,2026-09-08 18:35:30,
783,41누7237,ENTRY,CAM_01,2026-09-08 17:35:57,
784,41누7237,EXIT,CAM_01,2026-09-08 17:40:57,
785,706커1072,ENTRY,CAM_01,2026-09-08 17:56:12,
786,706커1072,EXIT,CAM_01,2026-09-08 19:32:12,
787,47쿠7703,ENTRY,CAM_01,2026-09-08 19:13:28,
788,47쿠7703,EXIT,CAM_01,2026-09-08 23:43:28,
789,773터1478,ENTRY,CAM_01,2026-09-08 19:14:51,
790,773터1478,EXIT,CAM_01,2026-09-08 19:57:51,
791,76어7985,ENTRY,CAM_01,2026-09-08 19:47:15,
792,76어7985,EXIT,CAM_01,2026-09-08 20:34:15,
793,43고7129,ENTRY,CAM_01,2026-09-08 20:21:50,
794,43고7129,EXIT,CAM_01,2026-09-08 21:28:50,
795,485쿠7437,ENTRY,CAM_01,2026-09-08 20:50:15,
796,485쿠7437,EXIT,CAM_01,2026-09-08 22:09:15,
797,400카8433,ENTRY,CAM_01,2026-09-09 07:08:48,
798,400카8433,EXIT,CAM_01,2026-09-09 18:21:48,
799,96초7912,ENTRY,CAM_01,2026-09-09 07:16:42,
800,96초7912,EXIT,CAM_01,2026-09-09 17:47:42,
801,864초7543,ENTRY,CAM_01,2026-09-09 07:28:16,
802,864초7543,EXIT,CAM_01,2026-09-09 14:37:16,
803,56모9085,ENTRY,CAM_01,2026-09-09 07:28:55,
804,56모9085,EXIT,CAM_01,2026-09-09 19:23:55,
805,17추6168,ENTRY,CAM_01,2026-09-09 07:36:07,
806,17추6168,EXIT,CAM_01,2026-09-09 16:43:07,
807,165커8668,ENTRY,CAM_01,2026-09-09 07:36:22,
808,165커8668,EXIT,CAM_01,2026-09-09 17:42:22,
809,771터8517,ENTRY,CAM_01,2026-09-09 07:48:46,
810,771터8517,EXIT,CAM_01,2026-09-09 18:59:46,
811,479하5374,ENTRY,CAM_01,2026-09-09 08:05:36,
812,479하5374,EXIT,CAM_01,2026-09-09 17:32:36,
813,87무8527,ENTRY,CAM_01,2026-09-09 08:11:20,
814,87무8527,EXIT,CAM_01,2026-09-09 18:39:20,
815,72처6038,ENTRY,CAM_01,2026-09-09 08:15:09,
816,72처6038,EXIT,CAM_01,2026-09-09 16:54:09,
817,91부5506,ENTRY,CAM_01,2026-09-09 08:17:48,
818,91부5506,EXIT,CAM_01,2026-09-09 16:51:48,
819,99코3803,ENTRY,CAM_01,2026-09-09 08:18:02,
820,99코3803,EXIT,CAM_01,2026-09-09 17:20:02,
821,85수3615,ENTRY,CAM_01,2026-09-09 08:20:07,
822,85수3615,EXIT,CAM_01,2026-09-09 17:43:07,
823,77누2876,ENTRY,CAM_01,2026-09-09 08:20:45,
824,77누2876,EXIT,CAM_01,2026-09-09 17:08:45,
825,74오4257,ENTRY,CAM_01,2026-09-09 08:22:54,
826,74오4257,EXIT,CAM_01,2026-09-09 16:48:54,
827,41부2679,ENTRY,CAM_01,2026-09-09 08:23:20,
828,41부2679,EXIT,CAM_01,2026-09-09 15:09:20,
829,28너9830,ENTRY,CAM_01,2026-09-09 08:27:06,
830,28너9830,EXIT,CAM_01,2026-09-09 17:35:06,
831,532러3547,ENTRY,CAM_01,2026-09-09 08:32:24,
832,532러3547,EXIT,CAM_01,2026-09-09 18:36:24,
833,199푸6635,ENTRY,CAM_01,2026-09-09 08:35:10,
834,199푸6635,EXIT,CAM_01,2026-09-09 18:43:10,
835,881사2519,ENTRY,CAM_01,2026-09-09 08:36:24,
836,881사2519,EXIT,CAM_01,2026-09-09 16:23:24,
837,18우5741,ENTRY,CAM_01,2026-09-09 08:52:24,
838,18우5741,EXIT,CAM_01,2026-09-09 16:27:24,
839,21후2796,ENTRY,CAM_01,2026-09-09 08:55:45,
840,21후2796,EXIT,CAM_01,2026-09-09 18:09:45,
841,818거8359,ENTRY,CAM_01,2026-09-09 08:58:39,
842,818거8359,EXIT,CAM_01,2026-09-09 18:32:39,
843,849쿠2133,ENTRY,CAM_01,2026-09-09 09:09:36,
844,849쿠2133,EXIT,CAM_01,2026-09-09 15:44:36,
845,29주7916,ENTRY,CAM_01,2026-09-09 09:10:39,
846,29주7916,EXIT,CAM_01,2026-09-09 19:09:39,
847,78자8787,ENTRY,CAM_01,2026-09-09 09:24:28,
848,78자8787,EXIT,CAM_01,2026-09-09 21:06:28,
849,384포6977,ENTRY,CAM_01,2026-09-09 09:26:43,
850,384포6977,EXIT,CAM_01,2026-09-09 16:24:43,
851,78카8573,ENTRY,CAM_01,2026-09-09 09:36:47,
852,78카8573,EXIT,CAM_01,2026-09-09 20:46:47,
853,14하4811,ENTRY,CAM_01,2026-09-09 09:39:25,
854,14하4811,EXIT,CAM_01,2026-09-09 17:35:25,
855,68푸3588,ENTRY,CAM_01,2026-09-09 09:40:50,
856,68푸3588,EXIT,CAM_01,2026-09-09 10:45:50,
857,20라7493,ENTRY,CAM_01,2026-09-09 10:23:16,
858,20라7493,EXIT,CAM_01,2026-09-09 13:05:16,
859,420버3246,ENTRY,CAM_01,2026-09-09 10:51:06,
860,420버3246,EXIT,CAM_01,2026-09-09 12:01:06,
861,127하9482,ENTRY,CAM_01,2026-09-09 12:38:38,
862,127하9482,EXIT,CAM_01,2026-09-09 13:44:38,
863,750푸2037,ENTRY,CAM_01,2026-09-09 13:00:55,
864,750푸2037,EXIT,CAM_01,2026-09-09 14:29:55,
865,907누1793,ENTRY,CAM_01,2026-09-09 13:18:21,
866,907누1793,EXIT,CAM_01,2026-09-09 14:02:21,
867,353호2380,ENTRY,CAM_01,2026-09-09 13:27:20,
868,353호2380,EXIT,CAM_01,2026-09-09 14:56:20,
869,998노8996,ENTRY,CAM_01,2026-09-09 13:47:17,
870,998노8996,EXIT,CAM_01,2026-09-09 15:50:17,
871,96보1138,ENTRY,CAM_01,2026-09-09 13:52:48,
872,96보1138,EXIT,CAM_01,2026-09-09 16:07:48,
873,765카5489,ENTRY,CAM_01,2026-09-09 14:00:27,
874,765카5489,EXIT,CAM_01,2026-09-09 15:42:27,
875,631가1132,ENTRY,CAM_01,2026-09-09 14:08:37,
876,631가1132,EXIT,CAM_01,2026-09-09 14:19:37,
877,54포3480,ENTRY,CAM_01,2026-09-09 16:10:28,
878,54포3480,EXIT,CAM_01,2026-09-09 16:24:28,
879,60주4921,ENTRY,CAM_01,2026-09-09 16:12:47,
880,60주4921,EXIT,CAM_01,2026-09-09 16:38:47,
881,21가4496,ENTRY,CAM_01,2026-09-09 16:46:44,
882,21가4496,EXIT,CAM_01,2026-09-09 18:03:44,
883,26거7276,ENTRY,CAM_01,2026-09-09 16:52:07,
884,26거7276,EXIT,CAM_01,2026-09-09 19:09:07,
885,64로5399,ENTRY,CAM_01,2026-09-09 17:25:13,
886,64로5399,EXIT,CAM_01,2026-09-09 17:30:13,
887,22초7291,ENTRY,CAM_01,2026-09-09 19:39:43,
888,22초7291,EXIT,CAM_01,2026-09-09 20:14:43,
889,85수3615,ENTRY,CAM_01,2026-09-10 07:00:16,
890,85수3615,EXIT,CAM_01,2026-09-10 14:00:16,
891,384포6977,ENTRY,CAM_01,2026-09-10 07:10:31,
892,384포6977,EXIT,CAM_01,2026-09-10 18:14:31,
893,56모9085,ENTRY,CAM_01,2026-09-10 07:14:47,
894,56모9085,EXIT,CAM_01,2026-09-10 16:07:47,
895,91부5506,ENTRY,CAM_01,2026-09-10 07:15:31,
896,91부5506,EXIT,CAM_01,2026-09-10 16:12:31,
897,227바5803,ENTRY,CAM_01,2026-09-10 07:19:44,
898,227바5803,EXIT,CAM_01,2026-09-10 13:13:44,
899,61하6155,ENTRY,CAM_01,2026-09-10 07:21:51,
900,61하6155,EXIT,CAM_01,2026-09-10 15:01:51,
901,771터8517,ENTRY,CAM_01,2026-09-10 07:31:29,
902,771터8517,EXIT,CAM_01,2026-09-10 17:38:29,
903,28너9830,ENTRY,CAM_01,2026-09-10 07:31:54,
904,28너9830,EXIT,CAM_01,2026-09-10 15:32:54,
905,77누2876,ENTRY,CAM_01,2026-09-10 07:35:51,
906,77누2876,EXIT,CAM_01,2026-09-10 19:01:51,
907,839모3927,ENTRY,CAM_01,2026-09-10 07:36:23,
908,839모3927,EXIT,CAM_01,2026-09-10 18:34:23,
909,532러3547,ENTRY,CAM_01,2026-09-10 07:50:25,
910,532러3547,EXIT,CAM_01,2026-09-10 15:03:25,
911,864초7543,ENTRY,CAM_01,2026-09-10 07:57:36,
912,864초7543,EXIT,CAM_01,2026-09-10 16:41:36,
913,194아1699,ENTRY,CAM_01,2026-09-10 08:04:12,
914,194아1699,EXIT,CAM_01,2026-09-10 10:12:12,
915,733조4150,ENTRY,CAM_01,2026-09-10 08:05:59,
916,733조4150,EXIT,CAM_01,2026-09-10 18:50:59,
917,20후2654,ENTRY,CAM_01,2026-09-10 08:07:00,
918,20후2654,EXIT,CAM_01,2026-09-10 18:12:00,
919,649우6573,ENTRY,CAM_01,2026-09-10 08:15:26,
920,649우6573,EXIT,CAM_01,2026-09-10 16:18:26,
921,199푸6635,ENTRY,CAM_01,2026-09-10 08:17:05,
922,199푸6635,EXIT,CAM_01,2026-09-10 16:57:05,
923,87무8527,ENTRY,CAM_01,2026-09-10 08:34:20,
924,87무8527,EXIT,CAM_01,2026-09-10 19:34:20,
925,849쿠2133,ENTRY,CAM_01,2026-09-10 08:47:39,
926,849쿠2133,EXIT,CAM_01,2026-09-10 18:11:39,
927,78카8573,ENTRY,CAM_01,2026-09-10 08:47:49,
928,78카8573,EXIT,CAM_01,2026-09-10 17:35:49,
929,208투9317,ENTRY,CAM_01,2026-09-10 08:51:33,
930,208투9317,EXIT,CAM_01,2026-09-10 19:42:33,
931,96초7912,ENTRY,CAM_01,2026-09-10 08:59:20,
932,96초7912,EXIT,CAM_01,2026-09-10 17:52:20,
933,40조2290,ENTRY,CAM_01,2026-09-10 09:00:23,
934,40조2290,EXIT,CAM_01,2026-09-10 17:03:23,
935,77커6883,ENTRY,CAM_01,2026-09-10 09:17:24,
936,77커6883,EXIT,CAM_01,2026-09-10 10:58:24,
937,29주7916,ENTRY,CAM_01,2026-09-10 09:23:24,
938,29주7916,EXIT,CAM_01,2026-09-10 18:41:24,
939,14하4811,ENTRY,CAM_01,2026-09-10 09:23:34,
940,14하4811,EXIT,CAM_01,2026-09-10 17:40:34,
941,67사8570,ENTRY,CAM_01,2026-09-10 09:25:54,
942,67사8570,EXIT,CAM_01,2026-09-10 10:28:54,
943,881사2519,ENTRY,CAM_01,2026-09-10 09:27:44,
944,881사2519,EXIT,CAM_01,2026-09-10 18:41:44,
945,18우5741,ENTRY,CAM_01,2026-09-10 09:39:38,
946,18우5741,EXIT,CAM_01,2026-09-10 21:04:38,
947,72처6038,ENTRY,CAM_01,2026-09-10 09:55:18,
948,72처6038,EXIT,CAM_01,2026-09-10 19:26:18,
949,63차5584,ENTRY,CAM_01,2026-09-10 10:33:15,
950,63차5584,EXIT,CAM_01,2026-09-10 10:38:15,
951,38쿠7563,ENTRY,CAM_01,2026-09-10 10:50:08,
952,38쿠7563,EXIT,CAM_01,2026-09-10 12:20:08,
953,481부2391,ENTRY,CAM_01,2026-09-10 10:58:14,
954,481부2391,EXIT,CAM_01,2026-09-10 13:11:14,
955,159보6856,ENTRY,CAM_01,2026-09-10 11:20:38,
956,159보6856,EXIT,CAM_01,2026-09-10 12:59:38,
957,562노5341,ENTRY,CAM_01,2026-09-10 11:29:20,
958,562노5341,EXIT,CAM_01,2026-09-10 11:42:20,
959,793더3848,ENTRY,CAM_01,2026-09-10 11:45:15,
960,793더3848,EXIT,CAM_01,2026-09-10 13:59:15,
961,27차2731,ENTRY,CAM_01,2026-09-10 12:04:12,
962,27차2731,EXIT,CAM_01,2026-09-10 15:12:12,
963,101푸6038,ENTRY,CAM_01,2026-09-10 12:22:40,
964,101푸6038,EXIT,CAM_01,2026-09-10 14:42:40,
965,386차1567,ENTRY,CAM_01,2026-09-10 13:27:11,
966,386차1567,EXIT,CAM_01,2026-09-10 13:32:11,
967,696쿠2228,ENTRY,CAM_01,2026-09-10 13:40:41,
968,696쿠2228,EXIT,CAM_01,2026-09-10 15:09:41,
969,817서8417,ENTRY,CAM_01,2026-09-10 14:08:15,
970,817서8417,EXIT,CAM_01,2026-09-10 14:52:15,
971,679커5430,ENTRY,CAM_01,2026-09-10 14:50:31,
972,679커5430,EXIT,CAM_01,2026-09-10 16:35:31,
973,939마2020,ENTRY,CAM_01,2026-09-10 15:32:08,
974,939마2020,EXIT,CAM_01,2026-09-10 16:03:08,
975,402퍼8848,ENTRY,CAM_01,2026-09-10 16:39:15,
976,402퍼8848,EXIT,CAM_01,2026-09-10 19:38:15,
977,22러9743,ENTRY,CAM_01,2026-09-10 17:14:10,
978,22러9743,EXIT,CAM_01,2026-09-10 20:34:10,
979,41퍼1391,ENTRY,CAM_01,2026-09-10 17:34:48,
980,41퍼1391,EXIT,CAM_01,2026-09-10 19:46:48,
981,97하6370,ENTRY,CAM_01,2026-09-10 18:05:10,
982,97하6370,EXIT,CAM_01,2026-09-10 20:01:10,
983,543로1483,ENTRY,CAM_01,2026-09-10 19:03:10,
984,543로1483,EXIT,CAM_01,2026-09-10 19:40:10,
985,649우6573,ENTRY,CAM_01,2026-09-11 07:11:38,
986,649우6573,EXIT,CAM_01,2026-09-11 15:22:38,
987,839모3927,ENTRY,CAM_01,2026-09-11 07:15:22,
988,839모3927,EXIT,CAM_01,2026-09-11 17:29:22,
989,227바5803,ENTRY,CAM_01,2026-09-11 07:33:30,
990,227바5803,EXIT,CAM_01,2026-09-11 17:00:30,
991,532러3547,ENTRY,CAM_01,2026-09-11 07:45:44,
992,532러3547,EXIT,CAM_01,2026-09-11 15:55:44,
993,400카8433,ENTRY,CAM_01,2026-09-11 07:59:31,
994,400카8433,EXIT,CAM_01,2026-09-11 19:47:31,
995,21후2796,ENTRY,CAM_01,2026-09-11 08:08:11,
996,21후2796,EXIT,CAM_01,2026-09-11 16:58:11,
997,87무8527,ENTRY,CAM_01,2026-09-11 08:11:31,
998,87무8527,EXIT,CAM_01,2026-09-11 18:00:31,
999,56모9085,ENTRY,CAM_01,2026-09-11 08:14:42,
1000,56모9085,EXIT,CAM_01,2026-09-11 16:46:42,
1001,87처3646,ENTRY,CAM_01,2026-09-11 08:28:00,
1002,87처3646,EXIT,CAM_01,2026-09-11 17:41:00,
1003,96초7912,ENTRY,CAM_01,2026-09-11 08:36:54,
1004,96초7912,EXIT,CAM_01,2026-09-11 19:24:54,
1005,818거8359,ENTRY,CAM_01,2026-09-11 08:37:20,
1006,818거8359,EXIT,CAM_01,2026-09-11 17:47:20,
1007,384포6977,ENTRY,CAM_01,2026-09-11 08:37:45,
1008,384포6977,EXIT,CAM_01,2026-09-11 18:44:45,
1009,79코6310,ENTRY,CAM_01,2026-09-11 08:44:04,
1010,79코6310,EXIT,CAM_01,2026-09-11 16:30:04,
1011,733조4150,ENTRY,CAM_01,2026-09-11 08:51:08,
1012,733조4150,EXIT,CAM_01,2026-09-11 17:40:08,
1013,881사2519,ENTRY,CAM_01,2026-09-11 08:53:51,
1014,881사2519,EXIT,CAM_01,2026-09-11 19:46:51,
1015,61하6155,ENTRY,CAM_01,2026-09-11 09:37:06,
1016,61하6155,EXIT,CAM_01,2026-09-11 18:15:06,
1017,864초7543,ENTRY,CAM_01,2026-09-11 09:41:20,
1018,864초7543,EXIT,CAM_01,2026-09-11 20:08:20,
1019,40조2290,ENTRY,CAM_01,2026-09-11 09:46:26,
1020,40조2290,EXIT,CAM_01,2026-09-11 21:13:26,
1021,195코8909,ENTRY,CAM_01,2026-09-11 10:10:56,
1022,195코8909,EXIT,CAM_01,2026-09-11 10:15:56,
1023,371버4891,ENTRY,CAM_01,2026-09-11 10:13:12,
1024,371버4891,EXIT,CAM_01,2026-09-11 10:23:12,
1025,960차1893,ENTRY,CAM_01,2026-09-11 10:25:36,
1026,960차1893,EXIT,CAM_01,2026-09-11 12:21:36,
1027,433보8506,ENTRY,CAM_01,2026-09-11 10:35:25,
1028,433보8506,EXIT,CAM_01,2026-09-11 11:48:25,
1029,63파8237,ENTRY,CAM_01,2026-09-11 10:47:28,
1030,63파8237,EXIT,CAM_01,2026-09-11 12:09:28,
1031,120더2715,ENTRY,CAM_01,2026-09-11 10:54:02,
1032,120더2715,EXIT,CAM_01,2026-09-11 13:28:02,
1033,576거5400,ENTRY,CAM_01,2026-09-11 11:02:16,
1034,576거5400,EXIT,CAM_01,2026-09-11 13:42:16,
1035,34허2283,ENTRY,CAM_01,2026-09-11 11:10:13,
1036,34허2283,EXIT,CAM_01,2026-09-11 11:30:13,
1037,37호4688,ENTRY,CAM_01,2026-09-11 11:36:49,
1038,37호4688,EXIT,CAM_01,2026-09-11 14:43:49,
1039,20버7512,ENTRY,CAM_01,2026-09-11 11:40:18,
1040,20버7512,EXIT,CAM_01,2026-09-11 14:19:18,
1041,877쿠1920,ENTRY,CAM_01,2026-09-11 11:52:26,
1042,877쿠1920,EXIT,CAM_01,2026-09-11 12:14:26,
1043,797다7484,ENTRY,CAM_01,2026-09-11 12:09:39,
1044,797다7484,EXIT,CAM_01,2026-09-11 12:51:39,
1045,281초6730,ENTRY,CAM_01,2026-09-11 12:31:38,
1046,281초6730,EXIT,CAM_01,2026-09-11 15:36:38,
1047,99후4734,ENTRY,CAM_01,2026-09-11 12:53:31,
1048,99후4734,EXIT,CAM_01,2026-09-11 15:46:31,
1049,86사1421,ENTRY,CAM_01,2026-09-11 13:27:05,
1050,86사1421,EXIT,CAM_01,2026-09-11 14:17:05,
1051,21커1813,ENTRY,CAM_01,2026-09-11 13:53:57,
1052,21커1813,EXIT,CAM_01,2026-09-11 15:01:57,
1053,74아8357,ENTRY,CAM_01,2026-09-11 14:05:25,
1054,74아8357,EXIT,CAM_01,2026-09-11 16:37:25,
1055,27타4158,ENTRY,CAM_01,2026-09-11 14:10:04,
1056,27타4158,EXIT,CAM_01,2026-09-11 14:58:04,
1057,289커7052,ENTRY,CAM_01,2026-09-11 14:57:42,
1058,289커7052,EXIT,CAM_01,2026-09-11 16:03:42,
1059,452수4727,ENTRY,CAM_01,2026-09-11 15:09:48,
1060,452수4727,EXIT,CAM_01,2026-09-11 16:15:48,
1061,22주5687,ENTRY,CAM_01,2026-09-11 15:37:48,
1062,22주5687,EXIT,CAM_01,2026-09-11 15:42:48,
1063,528조4860,ENTRY,CAM_01,2026-09-11 15:53:24,
1064,528조4860,EXIT,CAM_01,2026-09-11 16:42:24,
1065,721카1877,ENTRY,CAM_01,2026-09-11 17:27:41,
1066,721카1877,EXIT,CAM_01,2026-09-11 19:50:41,
1067,17노1828,ENTRY,CAM_01,2026-09-11 18:12:53,
1068,17노1828,EXIT,CAM_01,2026-09-11 20:33:53,
1069,44어5965,ENTRY,CAM_01,2026-09-11 18:21:44,
1070,44어5965,EXIT,CAM_01,2026-09-11 19:43:44,
1071,83카8393,ENTRY,CAM_01,2026-09-11 18:22:34,
1072,83카8393,EXIT,CAM_01,2026-09-11 18:27:34,
1073,597다3821,ENTRY,CAM_01,2026-09-11 18:56:22,
1074,597다3821,EXIT,CAM_01,2026-09-11 20:44:22,
1075,215차3428,ENTRY,CAM_01,2026-09-11 19:00:50,
1076,215차3428,EXIT,CAM_01,2026-09-11 19:50:50,
1077,74누1500,ENTRY,CAM_01,2026-09-11 19:45:12,
1078,74누1500,EXIT,CAM_01,2026-09-11 20:43:12,
1079,364무2097,ENTRY,CAM_01,2026-09-11 20:27:12,
1080,364무2097,EXIT,CAM_01,2026-09-11 23:06:12,
1081,674버2771,ENTRY,CAM_01,2026-09-12 08:42:53,
1082,674버2771,EXIT,CAM_01,2026-09-12 10:34:53,
1083,109자3837,ENTRY,CAM_01,2026-09-12 12:26:32,
1084,109자3837,EXIT,CAM_01,2026-09-12 15:24:32,
1085,409초2676,ENTRY,CAM_01,2026-09-12 13:24:54,
1086,409초2676,EXIT,CAM_01,2026-09-12 14:12:54,
1087,924구6236,ENTRY,CAM_01,2026-09-12 14:15:57,
1088,924구6236,EXIT,CAM_01,2026-09-12 14:20:57,
1089,771파3456,ENTRY,CAM_01,2026-09-12 14:21:17,
1090,771파3456,EXIT,CAM_01,2026-09-12 14:26:17,
1091,722루5511,ENTRY,CAM_01,2026-09-12 15:00:14,
1092,722루5511,EXIT,CAM_01,2026-09-12 16:28:14,
1093,528커1578,ENTRY,CAM_01,2026-09-12 16:46:01,
1094,528커1578,EXIT,CAM_01,2026-09-12 16:51:01,
1095,683차6183,ENTRY,CAM_01,2026-09-13 11:12:21,
1096,683차6183,EXIT,CAM_01,2026-09-13 13:28:21,
1097,647구6873,ENTRY,CAM_01,2026-09-13 13:45:14,
1098,647구6873,EXIT,CAM_01,2026-09-13 13:50:14,
1099,405라3470,ENTRY,CAM_01,2026-09-13 14:12:32,
1100,405라3470,EXIT,CAM_01,2026-09-13 16:33:32,
1101,33도3096,ENTRY,CAM_01,2026-09-13 14:54:10,
1102,33도3096,EXIT,CAM_01,2026-09-13 17:15:10,
1103,25후2166,ENTRY,CAM_01,2026-09-13 15:29:54,
1104,25후2166,EXIT,CAM_01,2026-09-13 18:43:54,
1105,907처5269,ENTRY,CAM_01,2026-09-13 16:14:22,
1106,907처5269,EXIT,CAM_01,2026-09-13 17:49:22,
1107,81누6499,ENTRY,CAM_01,2026-09-13 17:46:51,
1108,81누6499,EXIT,CAM_01,2026-09-13 17:51:51,
1109,40조2290,ENTRY,CAM_01,2026-09-14 07:00:54,
1110,40조2290,EXIT,CAM_01,2026-09-14 17:43:54,
1111,28너9830,ENTRY,CAM_01,2026-09-14 07:18:07,
1112,28너9830,EXIT,CAM_01,2026-09-14 15:08:07,
1113,479하5374,ENTRY,CAM_01,2026-09-14 07:24:56,
1114,479하5374,EXIT,CAM_01,2026-09-14 16:58:56,
1115,78카8573,ENTRY,CAM_01,2026-09-14 07:26:28,
1116,78카8573,EXIT,CAM_01,2026-09-14 14:54:28,
1117,96초7912,ENTRY,CAM_01,2026-09-14 07:28:17,
1118,96초7912,EXIT,CAM_01,2026-09-14 16:06:17,
1119,41부2679,ENTRY,CAM_01,2026-09-14 07:31:21,
1120,41부2679,EXIT,CAM_01,2026-09-14 16:12:21,
1121,99코3803,ENTRY,CAM_01,2026-09-14 07:38:03,
1122,99코3803,EXIT,CAM_01,2026-09-14 15:49:03,
1123,165커8668,ENTRY,CAM_01,2026-09-14 07:42:05,
1124,165커8668,EXIT,CAM_01,2026-09-14 15:26:05,
1125,199푸6635,ENTRY,CAM_01,2026-09-14 07:43:00,
1126,199푸6635,EXIT,CAM_01,2026-09-14 16:15:00,
1127,532러3547,ENTRY,CAM_01,2026-09-14 07:57:20,
1128,532러3547,EXIT,CAM_01,2026-09-14 17:31:20,
1129,400카8433,ENTRY,CAM_01,2026-09-14 08:05:49,
1130,400카8433,EXIT,CAM_01,2026-09-14 15:01:49,
1131,733모4389,ENTRY,CAM_01,2026-09-14 08:05:50,
1132,733모4389,EXIT,CAM_01,2026-09-14 09:08:50,
1133,227바5803,ENTRY,CAM_01,2026-09-14 08:10:04,
1134,227바5803,EXIT,CAM_01,2026-09-14 18:03:04,
1135,384포6977,ENTRY,CAM_01,2026-09-14 08:13:46,
1136,384포6977,EXIT,CAM_01,2026-09-14 19:18:46,
1137,208투9317,ENTRY,CAM_01,2026-09-14 08:16:29,
1138,208투9317,EXIT,CAM_01,2026-09-14 20:12:29,
1139,87무8527,ENTRY,CAM_01,2026-09-14 08:19:08,
1140,87무8527,EXIT,CAM_01,2026-09-14 16:50:08,
1141,18우5741,ENTRY,CAM_01,2026-09-14 08:21:57,
1142,18우5741,EXIT,CAM_01,2026-09-14 15:11:57,
1143,634두2741,ENTRY,CAM_01,2026-09-14 08:22:53,
1144,634두2741,EXIT,CAM_01,2026-09-14 08:27:53,
1145,17추6168,ENTRY,CAM_01,2026-09-14 08:26:42,
1146,17추6168,EXIT,CAM_01,2026-09-14 19:39:42,
1147,72처6038,ENTRY,CAM_01,2026-09-14 08:27:47,
1148,72처6038,EXIT,CAM_01,2026-09-14 18:38:47,
1149,733조4150,ENTRY,CAM_01,2026-09-14 08:27:56,
1150,733조4150,EXIT,CAM_01,2026-09-14 16:39:56,
1151,58누6313,ENTRY,CAM_01,2026-09-14 08:30:44,
1152,58누6313,EXIT,CAM_01,2026-09-14 19:09:44,
1153,14하4811,ENTRY,CAM_01,2026-09-14 08:36:48,
1154,14하4811,EXIT,CAM_01,2026-09-14 19:21:48,
1155,61하6155,ENTRY,CAM_01,2026-09-14 08:39:38,
1156,61하6155,EXIT,CAM_01,2026-09-14 17:30:38,
1157,839모3927,ENTRY,CAM_01,2026-09-14 08:41:14,
1158,839모3927,EXIT,CAM_01,2026-09-14 17:50:14,
1159,56모9085,ENTRY,CAM_01,2026-09-14 08:49:16,
1160,56모9085,EXIT,CAM_01,2026-09-14 20:07:16,
1161,20후2654,ENTRY,CAM_01,2026-09-14 09:01:14,
1162,20후2654,EXIT,CAM_01,2026-09-14 18:30:14,
1163,941사5166,ENTRY,CAM_01,2026-09-14 09:10:31,
1164,941사5166,EXIT,CAM_01,2026-09-14 09:15:31,
1165,21후2796,ENTRY,CAM_01,2026-09-14 09:18:10,
1166,21후2796,EXIT,CAM_01,2026-09-14 15:07:10,
1167,85수3615,ENTRY,CAM_01,2026-09-14 09:24:00,
1168,85수3615,EXIT,CAM_01,2026-09-14 19:42:00,
1169,849쿠2133,ENTRY,CAM_01,2026-09-14 09:39:17,
1170,849쿠2133,EXIT,CAM_01,2026-09-14 20:38:17,
1171,818거8359,ENTRY,CAM_01,2026-09-14 09:40:27,
1172,818거8359,EXIT,CAM_01,2026-09-14 21:12:27,
1173,29주7916,ENTRY,CAM_01,2026-09-14 09:58:13,
1174,29주7916,EXIT,CAM_01,2026-09-14 18:38:13,
1175,50구6542,ENTRY,CAM_01,2026-09-14 10:26:28,
1176,50구6542,EXIT,CAM_01,2026-09-14 12:25:28,
1177,83푸9166,ENTRY,CAM_01,2026-09-14 10:28:51,
1178,83푸9166,EXIT,CAM_01,2026-09-14 11:56:51,
1179,378두8835,ENTRY,CAM_01,2026-09-14 13:21:11,
1180,378두8835,EXIT,CAM_01,2026-09-14 15:21:11,
1181,487쿠4850,ENTRY,CAM_01,2026-09-14 13:21:17,
1182,487쿠4850,EXIT,CAM_01,2026-09-14 15:16:17,
1183,61오9996,ENTRY,CAM_01,2026-09-14 14:07:31,
1184,61오9996,EXIT,CAM_01,2026-09-14 15:21:31,
1185,73마9055,ENTRY,CAM_01,2026-09-14 14:30:54,
1186,73마9055,EXIT,CAM_01,2026-09-14 15:18:54,
1187,81가3571,ENTRY,CAM_01,2026-09-14 14:42:43,
1188,81가3571,EXIT,CAM_01,2026-09-14 15:35:43,
1189,197구5072,ENTRY,CAM_01,2026-09-14 14:44:44,
1190,197구5072,EXIT,CAM_01,2026-09-14 16:12:44,
1191,68루6536,ENTRY,CAM_01,2026-09-14 16:12:07,
1192,68루6536,EXIT,CAM_01,2026-09-14 18:21:07,
1193,964어8751,ENTRY,CAM_01,2026-09-14 16:29:21,
1194,964어8751,EXIT,CAM_01,2026-09-14 17:30:21,
1195,67수4633,ENTRY,CAM_01,2026-09-14 17:23:45,
1196,67수4633,EXIT,CAM_01,2026-09-14 18:53:45,
1197,97도8997,ENTRY,CAM_01,2026-09-14 17:39:01,
1198,97도8997,EXIT,CAM_01,2026-09-14 20:14:01,
1199,31두1960,ENTRY,CAM_01,2026-09-14 17:41:56,
1200,31두1960,EXIT,CAM_01,2026-09-14 19:35:56,
1201,921타7221,ENTRY,CAM_01,2026-09-14 20:54:10,
1202,921타7221,EXIT,CAM_01,2026-09-14 23:53:10,
1203,28너9830,ENTRY,CAM_01,2026-09-15 07:12:17,
1204,28너9830,EXIT,CAM_01,2026-09-15 16:29:17,
1205,29주7916,ENTRY,CAM_01,2026-09-15 07:22:52,
1206,29주7916,EXIT,CAM_01,2026-09-15 17:07:52,
1207,41부2679,ENTRY,CAM_01,2026-09-15 07:49:57,
1208,41부2679,EXIT,CAM_01,2026-09-15 15:03:57,
1209,400카8433,ENTRY,CAM_01,2026-09-15 07:59:24,
1210,400카8433,EXIT,CAM_01,2026-09-15 16:54:24,
1211,18우5741,ENTRY,CAM_01,2026-09-15 08:08:26,
1212,18우5741,EXIT,CAM_01,2026-09-15 14:57:26,
1213,479하5374,ENTRY,CAM_01,2026-09-15 08:13:39,
1214,479하5374,EXIT,CAM_01,2026-09-15 17:02:39,
1215,87무8527,ENTRY,CAM_01,2026-09-15 08:17:25,
1216,87무8527,EXIT,CAM_01,2026-09-15 16:47:25,
1217,78카8573,ENTRY,CAM_01,2026-09-15 08:32:34,
1218,78카8573,EXIT,CAM_01,2026-09-15 15:38:34,
1219,839모3927,ENTRY,CAM_01,2026-09-15 08:35:03,
1220,839모3927,EXIT,CAM_01,2026-09-15 19:03:03,
1221,849쿠2133,ENTRY,CAM_01,2026-09-15 08:43:04,
1222,849쿠2133,EXIT,CAM_01,2026-09-15 17:27:04,
1223,56모9085,ENTRY,CAM_01,2026-09-15 08:43:16,
1224,56모9085,EXIT,CAM_01,2026-09-15 18:22:16,
1225,58누6313,ENTRY,CAM_01,2026-09-15 08:45:07,
1226,58누6313,EXIT,CAM_01,2026-09-15 18:12:07,
1227,20후2654,ENTRY,CAM_01,2026-09-15 08:45:47,
1228,20후2654,EXIT,CAM_01,2026-09-15 16:12:47,
1229,532러3547,ENTRY,CAM_01,2026-09-15 08:46:52,
1230,532러3547,EXIT,CAM_01,2026-09-15 18:17:52,
1231,78자8787,ENTRY,CAM_01,2026-09-15 08:47:32,
1232,78자8787,EXIT,CAM_01,2026-09-15 18:25:32,
1233,165커8668,ENTRY,CAM_01,2026-09-15 08:47:41,
1234,165커8668,EXIT,CAM_01,2026-09-15 17:05:41,
1235,79코6310,ENTRY,CAM_01,2026-09-15 08:48:37,
1236,79코6310,EXIT,CAM_01,2026-09-15 16:10:37,
1237,14하4811,ENTRY,CAM_01,2026-09-15 09:00:33,
1238,14하4811,EXIT,CAM_01,2026-09-15 19:00:33,
1239,91부5506,ENTRY,CAM_01,2026-09-15 09:02:59,
1240,91부5506,EXIT,CAM_01,2026-09-15 17:43:59,
1241,881사2519,ENTRY,CAM_01,2026-09-15 09:42:38,
1242,881사2519,EXIT,CAM_01,2026-09-15 17:59:38,
1243,17추6168,ENTRY,CAM_01,2026-09-15 09:43:47,
1244,17추6168,EXIT,CAM_01,2026-09-15 17:07:47,
1245,771터8517,ENTRY,CAM_01,2026-09-15 09:51:00,
1246,771터8517,EXIT,CAM_01,2026-09-15 18:50:00,
1247,208투9317,ENTRY,CAM_01,2026-09-15 09:53:14,
1248,208투9317,EXIT,CAM_01,2026-09-15 19:18:14,
1249,818거8359,ENTRY,CAM_01,2026-09-15 09:53:37,
1250,818거8359,EXIT,CAM_01,2026-09-15 17:26:37,
1251,20부6633,ENTRY,CAM_01,2026-09-15 10:00:36,
1252,20부6633,EXIT,CAM_01,2026-09-15 10:13:36,
1253,78포2072,ENTRY,CAM_01,2026-09-15 10:06:10,
1254,78포2072,EXIT,CAM_01,2026-09-15 10:19:10,
1255,364커8391,ENTRY,CAM_01,2026-09-15 10:11:50,
1256,364커8391,EXIT,CAM_01,2026-09-15 11:25:50,
1257,89누6258,ENTRY,CAM_01,2026-09-15 10:22:28,
1258,89누6258,EXIT,CAM_01,2026-09-15 11:42:28,
1259,77보2117,ENTRY,CAM_01,2026-09-15 10:45:20,
1260,77보2117,EXIT,CAM_01,2026-09-15 12:34:20,
1261,48머8170,ENTRY,CAM_01,2026-09-15 10:50:43,
1262,48머8170,EXIT,CAM_01,2026-09-15 10:55:43,
1263,95사5671,ENTRY,CAM_01,2026-09-15 11:37:31,
1264,95사5671,EXIT,CAM_01,2026-09-15 13:45:31,
1265,310호2181,ENTRY,CAM_01,2026-09-15 11:40:49,
1266,310호2181,EXIT,CAM_01,2026-09-15 13:15:49,
1267,75타4617,ENTRY,CAM_01,2026-09-15 11:57:41,
1268,75타4617,EXIT,CAM_01,2026-09-15 12:29:41,
1269,793가3316,ENTRY,CAM_01,2026-09-15 12:40:09,
1270,793가3316,EXIT,CAM_01,2026-09-15 14:01:09,
1271,643오1144,ENTRY,CAM_01,2026-09-15 13:18:13,
1272,643오1144,EXIT,CAM_01,2026-09-15 14:16:13,
1273,362나9468,ENTRY,CAM_01,2026-09-15 13:50:07,
1274,362나9468,EXIT,CAM_01,2026-09-15 16:30:07,
1275,239주9941,ENTRY,CAM_01,2026-09-15 13:52:42,
1276,239주9941,EXIT,CAM_01,2026-09-15 15:41:42,
1277,47더2608,ENTRY,CAM_01,2026-09-15 14:35:04,
1278,47더2608,EXIT,CAM_01,2026-09-15 16:49:04,
1279,152로6866,ENTRY,CAM_01,2026-09-15 14:59:09,
1280,152로6866,EXIT,CAM_01,2026-09-15 18:27:09,
1281,966가6415,ENTRY,CAM_01,2026-09-15 15:08:10,
1282,966가6415,EXIT,CAM_01,2026-09-15 16:34:10,
1283,82푸9992,ENTRY,CAM_01,2026-09-15 16:16:12,
1284,82푸9992,EXIT,CAM_01,2026-09-15 18:38:12,
1285,12소1096,ENTRY,CAM_01,2026-09-15 16:27:20,
1286,12소1096,EXIT,CAM_01,2026-09-15 18:04:20,
1287,99저9238,ENTRY,CAM_01,2026-09-15 16:39:04,
1288,99저9238,EXIT,CAM_01,2026-09-15 17:56:04,
1289,597어6008,ENTRY,CAM_01,2026-09-15 16:57:12,
1290,597어6008,EXIT,CAM_01,2026-09-15 17:55:12,
1291,834다2433,ENTRY,CAM_01,2026-09-15 17:09:01,
1292,834다2433,EXIT,CAM_01,2026-09-15 19:52:01,
1293,54구6437,ENTRY,CAM_01,2026-09-15 17:10:26,
1294,54구6437,EXIT,CAM_01,2026-09-15 17:26:26,
1295,15서9419,ENTRY,CAM_01,2026-09-15 18:23:32,
1296,15서9419,EXIT,CAM_01,2026-09-15 19:59:32,
1297,41부2679,ENTRY,CAM_01,2026-09-16 07:20:15,
1298,41부2679,EXIT,CAM_01,2026-09-16 17:39:15,
1299,87처3646,ENTRY,CAM_01,2026-09-16 07:42:14,
1300,87처3646,EXIT,CAM_01,2026-09-16 18:20:14,
1301,881사2519,ENTRY,CAM_01,2026-09-16 07:54:32,
1302,881사2519,EXIT,CAM_01,2026-09-16 16:50:32,
1303,849쿠2133,ENTRY,CAM_01,2026-09-16 07:57:36,
1304,849쿠2133,EXIT,CAM_01,2026-09-16 16:53:36,
1305,40조2290,ENTRY,CAM_01,2026-09-16 08:02:08,
1306,40조2290,EXIT,CAM_01,2026-09-16 16:34:08,
1307,58누6313,ENTRY,CAM_01,2026-09-16 08:02:14,
1308,58누6313,EXIT,CAM_01,2026-09-16 16:40:14,
1309,56모9085,ENTRY,CAM_01,2026-09-16 08:06:45,
1310,56모9085,EXIT,CAM_01,2026-09-16 19:31:45,
1311,479하5374,ENTRY,CAM_01,2026-09-16 08:11:36,
1312,479하5374,EXIT,CAM_01,2026-09-16 19:36:36,
1313,208투9317,ENTRY,CAM_01,2026-09-16 08:13:09,
1314,208투9317,EXIT,CAM_01,2026-09-16 18:05:09,
1315,532러3547,ENTRY,CAM_01,2026-09-16 08:16:46,
1316,532러3547,EXIT,CAM_01,2026-09-16 18:03:46,
1317,78자8787,ENTRY,CAM_01,2026-09-16 08:16:59,
1318,78자8787,EXIT,CAM_01,2026-09-16 19:12:59,
1319,61하6155,ENTRY,CAM_01,2026-09-16 08:23:14,
1320,61하6155,EXIT,CAM_01,2026-09-16 18:42:14,
1321,839모3927,ENTRY,CAM_01,2026-09-16 08:28:10,
1322,839모3927,EXIT,CAM_01,2026-09-16 20:00:10,
1323,818거8359,ENTRY,CAM_01,2026-09-16 08:31:35,
1324,818거8359,EXIT,CAM_01,2026-09-16 19:31:35,
1325,18우5741,ENTRY,CAM_01,2026-09-16 08:32:00,
1326,18우5741,EXIT,CAM_01,2026-09-16 16:20:00,
1327,91부5506,ENTRY,CAM_01,2026-09-16 08:36:36,
1328,91부5506,EXIT,CAM_01,2026-09-16 17:04:36,
1329,21후2796,ENTRY,CAM_01,2026-09-16 08:37:34,
1330,21후2796,EXIT,CAM_01,2026-09-16 17:31:34,
1331,72처6038,ENTRY,CAM_01,2026-09-16 08:41:53,
1332,72처6038,EXIT,CAM_01,2026-09-16 18:12:53,
1333,79코6310,ENTRY,CAM_01,2026-09-16 08:46:07,
1334,79코6310,EXIT,CAM_01,2026-09-16 16:23:07,
1335,107호4365,ENTRY,CAM_01,2026-09-16 08:47:50,
1336,107호4365,EXIT,CAM_01,2026-09-16 11:14:50,
1337,384포6977,ENTRY,CAM_01,2026-09-16 08:48:32,
1338,384포6977,EXIT,CAM_01,2026-09-16 15:38:32,
1339,649우6573,ENTRY,CAM_01,2026-09-16 08:52:55,
1340,649우6573,EXIT,CAM_01,2026-09-16 16:42:55,
1341,85수3615,ENTRY,CAM_01,2026-09-16 08:54:52,
1342,85수3615,EXIT,CAM_01,2026-09-16 19:35:52,
1343,227바5803,ENTRY,CAM_01,2026-09-16 09:14:57,
1344,227바5803,EXIT,CAM_01,2026-09-16 18:54:57,
1345,14하4811,ENTRY,CAM_01,2026-09-16 09:17:53,
1346,14하4811,EXIT,CAM_01,2026-09-16 17:10:53,
1347,74오4257,ENTRY,CAM_01,2026-09-16 09:29:28,
1348,74오4257,EXIT,CAM_01,2026-09-16 20:33:28,
1349,733조4150,ENTRY,CAM_01,2026-09-16 09:32:32,
1350,733조4150,EXIT,CAM_01,2026-09-16 16:27:32,
1351,29주7916,ENTRY,CAM_01,2026-09-16 09:41:24,
1352,29주7916,EXIT,CAM_01,2026-09-16 17:34:24,
1353,87무8527,ENTRY,CAM_01,2026-09-16 09:41:49,
1354,87무8527,EXIT,CAM_01,2026-09-16 19:24:49,
1355,199푸6635,ENTRY,CAM_01,2026-09-16 09:49:37,
1356,199푸6635,EXIT,CAM_01,2026-09-16 19:14:37,
1357,77누2876,ENTRY,CAM_01,2026-09-16 09:58:14,
1358,77누2876,EXIT,CAM_01,2026-09-16 20:56:14,
1359,28너9830,ENTRY,CAM_01,2026-09-16 09:58:29,
1360,28너9830,EXIT,CAM_01,2026-09-16 19:34:29,
1361,53카7375,ENTRY,CAM_01,2026-09-16 10:32:25,
1362,53카7375,EXIT,CAM_01,2026-09-16 13:18:25,
1363,359조6641,ENTRY,CAM_01,2026-09-16 11:35:35,
1364,359조6641,EXIT,CAM_01,2026-09-16 12:17:35,
1365,841터9536,ENTRY,CAM_01,2026-09-16 12:05:38,
1366,841터9536,EXIT,CAM_01,2026-09-16 13:38:38,
1367,61더3867,ENTRY,CAM_01,2026-09-16 12:12:29,
1368,61더3867,EXIT,CAM_01,2026-09-16 13:37:29,
1369,43파5091,ENTRY,CAM_01,2026-09-16 12:15:55,
1370,43파5091,EXIT,CAM_01,2026-09-16 15:54:55,
1371,800쿠3450,ENTRY,CAM_01,2026-09-16 12:24:08,
1372,800쿠3450,EXIT,CAM_01,2026-09-16 14:10:08,
1373,97퍼8904,ENTRY,CAM_01,2026-09-16 12:34:27,
1374,97퍼8904,EXIT,CAM_01,2026-09-16 12:39:27,
1375,606가4304,ENTRY,CAM_01,2026-09-16 12:38:03,
1376,606가4304,EXIT,CAM_01,2026-09-16 15:37:03,
1377,390더4096,ENTRY,CAM_01,2026-09-16 12:49:14,
1378,390더4096,EXIT,CAM_01,2026-09-16 13:11:14,
1379,922소5098,ENTRY,CAM_01,2026-09-16 13:06:35,
1380,922소5098,EXIT,CAM_01,2026-09-16 15:05:35,
1381,354바7536,ENTRY,CAM_01,2026-09-16 13:22:33,
1382,354바7536,EXIT,CAM_01,2026-09-16 13:27:33,
1383,96추6172,ENTRY,CAM_01,2026-09-16 13:50:14,
1384,96추6172,EXIT,CAM_01,2026-09-16 15:24:14,
1385,294부4271,ENTRY,CAM_01,2026-09-16 13:57:36,
1386,294부4271,EXIT,CAM_01,2026-09-16 14:54:36,
1387,87우8069,ENTRY,CAM_01,2026-09-16 14:07:05,
1388,87우8069,EXIT,CAM_01,2026-09-16 14:50:05,
1389,40카2422,ENTRY,CAM_01,2026-09-16 14:14:39,
1390,40카2422,EXIT,CAM_01,2026-09-16 15:36:39,
1391,62주3979,ENTRY,CAM_01,2026-09-16 14:30:55,
1392,62주3979,EXIT,CAM_01,2026-09-16 15:03:55,
1393,843저5530,ENTRY,CAM_01,2026-09-16 14:47:45,
1394,843저5530,EXIT,CAM_01,2026-09-16 16:25:45,
1395,83보7933,ENTRY,CAM_01,2026-09-16 14:48:58,
1396,83보7933,EXIT,CAM_01,2026-09-16 15:02:58,
1397,814거8899,ENTRY,CAM_01,2026-09-16 15:23:55,
1398,814거8899,EXIT,CAM_01,2026-09-16 16:41:55,
1399,88주9706,ENTRY,CAM_01,2026-09-16 16:11:30,
1400,88주9706,EXIT,CAM_01,2026-09-16 17:51:30,
1401,56허5155,ENTRY,CAM_01,2026-09-16 16:20:26,
1402,56허5155,EXIT,CAM_01,2026-09-16 17:38:26,
1403,71수6565,ENTRY,CAM_01,2026-09-16 16:24:36,
1404,71수6565,EXIT,CAM_01,2026-09-16 18:01:36,
1405,841노2127,ENTRY,CAM_01,2026-09-16 16:32:16,
1406,841노2127,EXIT,CAM_01,2026-09-16 17:51:16,
1407,19도6142,ENTRY,CAM_01,2026-09-16 16:52:21,
1408,19도6142,EXIT,CAM_01,2026-09-16 17:46:21,
1409,99허3193,ENTRY,CAM_01,2026-09-16 17:24:22,
1410,99허3193,EXIT,CAM_01,2026-09-16 17:29:22,
1411,25고3650,ENTRY,CAM_01,2026-09-16 17:25:47,
1412,25고3650,EXIT,CAM_01,2026-09-16 19:57:47,
1413,480로5501,ENTRY,CAM_01,2026-09-16 17:34:02,
1414,480로5501,EXIT,CAM_01,2026-09-16 18:19:02,
1415,792토1108,ENTRY,CAM_01,2026-09-16 18:22:09,
1416,792토1108,EXIT,CAM_01,2026-09-16 19:42:09,
1417,76다9364,ENTRY,CAM_01,2026-09-16 18:59:51,
1418,76다9364,EXIT,CAM_01,2026-09-16 19:36:51,
1419,86마5310,ENTRY,CAM_01,2026-09-16 20:00:51,
1420,86마5310,EXIT,CAM_01,2026-09-16 21:43:51,
1421,13더2106,ENTRY,CAM_01,2026-09-16 20:29:43,
1422,13더2106,EXIT,CAM_01,2026-09-16 20:34:43,
1423,941바4548,ENTRY,CAM_01,2026-09-16 20:40:01,
1424,941바4548,EXIT,CAM_01,2026-09-17 00:11:01,
1425,785터4281,ENTRY,CAM_01,2026-09-16 20:49:25,
1426,785터4281,EXIT,CAM_01,2026-09-16 22:18:25,
1427,165커8668,ENTRY,CAM_01,2026-09-17 07:08:46,
1428,165커8668,EXIT,CAM_01,2026-09-17 16:34:46,
1429,14하4811,ENTRY,CAM_01,2026-09-17 07:20:23,
1430,14하4811,EXIT,CAM_01,2026-09-17 15:47:23,
1431,18우5741,ENTRY,CAM_01,2026-09-17 07:25:06,
1432,18우5741,EXIT,CAM_01,2026-09-17 16:33:06,
1433,384포6977,ENTRY,CAM_01,2026-09-17 07:28:47,
1434,384포6977,EXIT,CAM_01,2026-09-17 16:18:47,
1435,91부5506,ENTRY,CAM_01,2026-09-17 07:32:22,
1436,91부5506,EXIT,CAM_01,2026-09-17 16:45:22,
1437,40조2290,ENTRY,CAM_01,2026-09-17 07:42:22,
1438,40조2290,EXIT,CAM_01,2026-09-17 17:53:22,
1439,96초7912,ENTRY,CAM_01,2026-09-17 07:43:13,
1440,96초7912,EXIT,CAM_01,2026-09-17 15:28:13,
1441,74오4257,ENTRY,CAM_01,2026-09-17 08:17:30,
1442,74오4257,EXIT,CAM_01,2026-09-17 16:51:30,
1443,479하5374,ENTRY,CAM_01,2026-09-17 08:23:35,
1444,479하5374,EXIT,CAM_01,2026-09-17 15:09:35,
1445,28너9830,ENTRY,CAM_01,2026-09-17 08:26:40,
1446,28너9830,EXIT,CAM_01,2026-09-17 16:57:40,
1447,41부2679,ENTRY,CAM_01,2026-09-17 08:29:07,
1448,41부2679,EXIT,CAM_01,2026-09-17 17:17:07,
1449,771터8517,ENTRY,CAM_01,2026-09-17 08:29:40,
1450,771터8517,EXIT,CAM_01,2026-09-17 20:43:40,
1451,227바5803,ENTRY,CAM_01,2026-09-17 08:30:51,
1452,227바5803,EXIT,CAM_01,2026-09-17 19:23:51,
1453,85수3615,ENTRY,CAM_01,2026-09-17 08:31:27,
1454,85수3615,EXIT,CAM_01,2026-09-17 18:25:27,
1455,72처6038,ENTRY,CAM_01,2026-09-17 08:33:53,
1456,72처6038,EXIT,CAM_01,2026-09-17 19:06:53,
1457,199푸6635,ENTRY,CAM_01,2026-09-17 08:35:27,
1458,199푸6635,EXIT,CAM_01,2026-09-17 18:35:27,
1459,849쿠2133,ENTRY,CAM_01,2026-09-17 08:35:28,
1460,849쿠2133,EXIT,CAM_01,2026-09-17 16:53:28,
1461,881사2519,ENTRY,CAM_01,2026-09-17 08:36:43,
1462,881사2519,EXIT,CAM_01,2026-09-17 18:01:43,
1463,78자8787,ENTRY,CAM_01,2026-09-17 08:37:38,
1464,78자8787,EXIT,CAM_01,2026-09-17 15:32:38,
1465,87처3646,ENTRY,CAM_01,2026-09-17 08:39:09,
1466,87처3646,EXIT,CAM_01,2026-09-17 18:13:09,
1467,56모9085,ENTRY,CAM_01,2026-09-17 08:41:18,
1468,56모9085,EXIT,CAM_01,2026-09-17 18:24:18,
1469,17추6168,ENTRY,CAM_01,2026-09-17 08:49:18,
1470,17추6168,EXIT,CAM_01,2026-09-17 16:46:18,
1471,733조4150,ENTRY,CAM_01,2026-09-17 08:50:31,
1472,733조4150,EXIT,CAM_01,2026-09-17 18:15:31,
1473,400카8433,ENTRY,CAM_01,2026-09-17 09:06:06,
1474,400카8433,EXIT,CAM_01,2026-09-17 19:34:06,
1475,99코3803,ENTRY,CAM_01,2026-09-17 09:07:22,
1476,99코3803,EXIT,CAM_01,2026-09-17 17:29:22,
1477,532러3547,ENTRY,CAM_01,2026-09-17 09:17:28,
1478,532러3547,EXIT,CAM_01,2026-09-17 20:52:28,
1479,21후2796,ENTRY,CAM_01,2026-09-17 09:17:56,
1480,21후2796,EXIT,CAM_01,2026-09-17 15:48:56,
1481,79코6310,ENTRY,CAM_01,2026-09-17 09:19:14,
1482,79코6310,EXIT,CAM_01,2026-09-17 18:40:14,
1483,29주7916,ENTRY,CAM_01,2026-09-17 09:26:10,
1484,29주7916,EXIT,CAM_01,2026-09-17 19:46:10,
1485,839모3927,ENTRY,CAM_01,2026-09-17 09:35:03,
1486,839모3927,EXIT,CAM_01,2026-09-17 20:24:03,
1487,864초7543,ENTRY,CAM_01,2026-09-17 09:54:58,
1488,864초7543,EXIT,CAM_01,2026-09-17 20:02:58,
1489,61하6155,ENTRY,CAM_01,2026-09-17 09:56:05,
1490,61하6155,EXIT,CAM_01,2026-09-17 21:02:05,
1491,654노1011,ENTRY,CAM_01,2026-09-17 11:18:52,
1492,654노1011,EXIT,CAM_01,2026-09-17 12:56:52,
1493,181포4924,ENTRY,CAM_01,2026-09-17 11:47:41,
1494,181포4924,EXIT,CAM_01,2026-09-17 12:16:41,
1495,22도7375,ENTRY,CAM_01,2026-09-17 11:47:49,
1496,22도7375,EXIT,CAM_01,2026-09-17 14:13:49,
1497,29가9574,ENTRY,CAM_01,2026-09-17 12:05:28,
1498,29가9574,EXIT,CAM_01,2026-09-17 12:58:28,
1499,322퍼6104,ENTRY,CAM_01,2026-09-17 12:09:00,
1500,322퍼6104,EXIT,CAM_01,2026-09-17 13:15:00,
1501,90저3521,ENTRY,CAM_01,2026-09-17 12:31:05,
1502,90저3521,EXIT,CAM_01,2026-09-17 13:24:05,
1503,34차1813,ENTRY,CAM_01,2026-09-17 12:39:31,
1504,34차1813,EXIT,CAM_01,2026-09-17 13:23:31,
1505,313투2310,ENTRY,CAM_01,2026-09-17 12:45:04,
1506,313투2310,EXIT,CAM_01,2026-09-17 13:10:04,
1507,938파9586,ENTRY,CAM_01,2026-09-17 13:04:42,
1508,938파9586,EXIT,CAM_01,2026-09-17 13:09:42,
1509,601라7002,ENTRY,CAM_01,2026-09-17 14:06:02,
1510,601라7002,EXIT,CAM_01,2026-09-17 14:11:02,
1511,655파4057,ENTRY,CAM_01,2026-09-17 14:28:35,
1512,655파4057,EXIT,CAM_01,2026-09-17 17:08:35,
1513,941주1955,ENTRY,CAM_01,2026-09-17 14:40:03,
1514,941주1955,EXIT,CAM_01,2026-09-17 14:51:03,
1515,417도9841,ENTRY,CAM_01,2026-09-17 14:40:40,
1516,417도9841,EXIT,CAM_01,2026-09-17 16:21:40,
1517,926머9715,ENTRY,CAM_01,2026-09-17 14:51:58,
1518,926머9715,EXIT,CAM_01,2026-09-17 16:43:58,
1519,26파2753,ENTRY,CAM_01,2026-09-17 15:04:02,
1520,26파2753,EXIT,CAM_01,2026-09-17 16:59:02,
1521,86마9702,ENTRY,CAM_01,2026-09-17 15:20:46,
1522,86마9702,EXIT,CAM_01,2026-09-17 15:25:46,
1523,98처2466,ENTRY,CAM_01,2026-09-17 15:44:30,
1524,98처2466,EXIT,CAM_01,2026-09-17 17:40:30,
1525,16아4866,ENTRY,CAM_01,2026-09-17 16:12:23,
1526,16아4866,EXIT,CAM_01,2026-09-17 18:42:23,
1527,15더8884,ENTRY,CAM_01,2026-09-17 16:19:59,
1528,15더8884,EXIT,CAM_01,2026-09-17 16:56:59,
1529,25가1688,ENTRY,CAM_01,2026-09-17 16:20:00,
1530,25가1688,EXIT,CAM_01,2026-09-17 17:58:00,
1531,917코4788,ENTRY,CAM_01,2026-09-17 16:31:48,
1532,917코4788,EXIT,CAM_01,2026-09-17 17:37:48,
1533,756아2577,ENTRY,CAM_01,2026-09-17 16:49:35,
1534,756아2577,EXIT,CAM_01,2026-09-17 18:31:35,
1535,70투5097,ENTRY,CAM_01,2026-09-17 17:04:34,
1536,70투5097,EXIT,CAM_01,2026-09-17 18:43:34,
1537,55더1646,ENTRY,CAM_01,2026-09-17 17:28:46,
1538,55더1646,EXIT,CAM_01,2026-09-17 19:15:46,
1539,52라5366,ENTRY,CAM_01,2026-09-17 17:31:23,
1540,52라5366,EXIT,CAM_01,2026-09-17 17:36:23,
1541,977우4912,ENTRY,CAM_01,2026-09-17 17:32:24,
1542,977우4912,EXIT,CAM_01,2026-09-17 18:34:24,
1543,521터5094,ENTRY,CAM_01,2026-09-17 17:35:23,
1544,521터5094,EXIT,CAM_01,2026-09-17 18:51:23,
1545,26서6690,ENTRY,CAM_01,2026-09-17 17:50:06,
1546,26서6690,EXIT,CAM_01,2026-09-17 18:14:06,
1547,15투5979,ENTRY,CAM_01,2026-09-17 18:17:33,
1548,15투5979,EXIT,CAM_01,2026-09-17 20:47:33,
1549,213토8418,ENTRY,CAM_01,2026-09-17 18:26:12,
1550,213토8418,EXIT,CAM_01,2026-09-17 20:04:12,
1551,494너1549,ENTRY,CAM_01,2026-09-17 18:53:00,
1552,494너1549,EXIT,CAM_01,2026-09-17 21:21:00,
1553,393소1136,ENTRY,CAM_01,2026-09-17 18:54:08,
1554,393소1136,EXIT,CAM_01,2026-09-17 21:06:08,
1555,832무1134,ENTRY,CAM_01,2026-09-17 20:01:11,
1556,832무1134,EXIT,CAM_01,2026-09-17 22:04:11,
1557,99코3803,ENTRY,CAM_01,2026-09-18 07:02:29,
1558,99코3803,EXIT,CAM_01,2026-09-18 16:13:29,
1559,818거8359,ENTRY,CAM_01,2026-09-18 07:10:50,
1560,818거8359,EXIT,CAM_01,2026-09-18 17:08:50,
1561,400카8433,ENTRY,CAM_01,2026-09-18 07:14:27,
1562,400카8433,EXIT,CAM_01,2026-09-18 11:58:27,
1563,18우5741,ENTRY,CAM_01,2026-09-18 07:18:38,
1564,18우5741,EXIT,CAM_01,2026-09-18 17:26:38,
1565,61하6155,ENTRY,CAM_01,2026-09-18 07:38:41,
1566,61하6155,EXIT,CAM_01,2026-09-18 14:20:41,
1567,21후2796,ENTRY,CAM_01,2026-09-18 07:40:49,
1568,21후2796,EXIT,CAM_01,2026-09-18 16:39:49,
1569,849쿠2133,ENTRY,CAM_01,2026-09-18 08:04:17,
1570,849쿠2133,EXIT,CAM_01,2026-09-18 17:37:17,
1571,87처3646,ENTRY,CAM_01,2026-09-18 08:05:25,
1572,87처3646,EXIT,CAM_01,2026-09-18 18:52:25,
1573,58누6313,ENTRY,CAM_01,2026-09-18 08:05:36,
1574,58누6313,EXIT,CAM_01,2026-09-18 16:41:36,
1575,165커8668,ENTRY,CAM_01,2026-09-18 08:09:03,
1576,165커8668,EXIT,CAM_01,2026-09-18 15:05:03,
1577,384포6977,ENTRY,CAM_01,2026-09-18 08:13:54,
1578,384포6977,EXIT,CAM_01,2026-09-18 17:37:54,
1579,78카8573,ENTRY,CAM_01,2026-09-18 08:16:23,
1580,78카8573,EXIT,CAM_01,2026-09-18 18:28:23,
1581,91부5506,ENTRY,CAM_01,2026-09-18 08:33:06,
1582,91부5506,EXIT,CAM_01,2026-09-18 18:45:06,
1583,41부2679,ENTRY,CAM_01,2026-09-18 08:33:42,
1584,41부2679,EXIT,CAM_01,2026-09-18 18:31:42,
1585,29주7916,ENTRY,CAM_01,2026-09-18 08:34:36,
1586,29주7916,EXIT,CAM_01,2026-09-18 17:31:36,
1587,85수3615,ENTRY,CAM_01,2026-09-18 08:34:38,
1588,85수3615,EXIT,CAM_01,2026-09-18 19:16:38,
1589,72처6038,ENTRY,CAM_01,2026-09-18 08:35:39,
1590,72처6038,EXIT,CAM_01,2026-09-18 18:02:39,
1591,96초7912,ENTRY,CAM_01,2026-09-18 08:35:47,
1592,96초7912,EXIT,CAM_01,2026-09-18 15:35:47,
1593,87무8527,ENTRY,CAM_01,2026-09-18 08:36:34,
1594,87무8527,EXIT,CAM_01,2026-09-18 18:30:34,
1595,17추6168,ENTRY,CAM_01,2026-09-18 08:46:04,
1596,17추6168,EXIT,CAM_01,2026-09-18 17:39:04,
1597,79코6310,ENTRY,CAM_01,2026-09-18 08:48:08,
1598,79코6310,EXIT,CAM_01,2026-09-18 17:08:08,
1599,532러3547,ENTRY,CAM_01,2026-09-18 08:57:20,
1600,532러3547,EXIT,CAM_01,2026-09-18 13:26:20,
1601,479하5374,ENTRY,CAM_01,2026-09-18 08:58:35,
1602,479하5374,EXIT,CAM_01,2026-09-18 16:21:35,
1603,771터8517,ENTRY,CAM_01,2026-09-18 09:05:49,
1604,771터8517,EXIT,CAM_01,2026-09-18 20:50:49,
1605,839모3927,ENTRY,CAM_01,2026-09-18 09:09:08,
1606,839모3927,EXIT,CAM_01,2026-09-18 17:36:08,
1607,305라8617,ENTRY,CAM_01,2026-09-18 09:10:03,
1608,305라8617,EXIT,CAM_01,2026-09-18 10:35:03,
1609,28너9830,ENTRY,CAM_01,2026-09-18 09:26:59,
1610,28너9830,EXIT,CAM_01,2026-09-18 19:39:59,
1611,733조4150,ENTRY,CAM_01,2026-09-18 09:28:25,
1612,733조4150,EXIT,CAM_01,2026-09-18 21:17:25,
1613,74오4257,ENTRY,CAM_01,2026-09-18 09:44:42,
1614,74오4257,EXIT,CAM_01,2026-09-18 18:10:42,
1615,199푸6635,ENTRY,CAM_01,2026-09-18 09:52:46,
1616,199푸6635,EXIT,CAM_01,2026-09-18 17:37:46,
1617,114두2823,ENTRY,CAM_01,2026-09-18 10:03:15,
1618,114두2823,EXIT,CAM_01,2026-09-18 13:28:15,
1619,56서6644,ENTRY,CAM_01,2026-09-18 10:26:27,
1620,56서6644,EXIT,CAM_01,2026-09-18 10:48:27,
1621,27허3378,ENTRY,CAM_01,2026-09-18 11:08:37,
1622,27허3378,EXIT,CAM_01,2026-09-18 11:13:37,
1623,52하9952,ENTRY,CAM_01,2026-09-18 12:30:01,
1624,52하9952,EXIT,CAM_01,2026-09-18 13:01:01,
1625,76퍼4938,ENTRY,CAM_01,2026-09-18 13:25:42,
1626,76퍼4938,EXIT,CAM_01,2026-09-18 15:43:42,
1627,304차2405,ENTRY,CAM_01,2026-09-18 14:59:52,
1628,304차2405,EXIT,CAM_01,2026-09-18 19:01:52,
1629,941토3389,ENTRY,CAM_01,2026-09-18 15:01:49,
1630,941토3389,EXIT,CAM_01,2026-09-18 15:15:49,
1631,28커9631,ENTRY,CAM_01,2026-09-18 15:16:35,
1632,28커9631,EXIT,CAM_01,2026-09-18 15:21:35,
1633,437소3158,ENTRY,CAM_01,2026-09-18 15:27:19,
1634,437소3158,EXIT,CAM_01,2026-09-18 17:55:19,
1635,94나5792,ENTRY,CAM_01,2026-09-18 16:00:04,
1636,94나5792,EXIT,CAM_01,2026-09-18 16:38:04,
1637,74포5221,ENTRY,CAM_01,2026-09-18 16:22:40,
1638,74포5221,EXIT,CAM_01,2026-09-18 16:32:40,
1639,30오9732,ENTRY,CAM_01,2026-09-18 16:36:58,
1640,30오9732,EXIT,CAM_01,2026-09-18 17:23:58,
1641,68다5053,ENTRY,CAM_01,2026-09-18 18:34:05,
1642,68다5053,EXIT,CAM_01,2026-09-18 20:16:05,
1643,39서8940,ENTRY,CAM_01,2026-09-18 18:41:24,
1644,39서8940,EXIT,CAM_01,2026-09-18 20:26:24,
1645,668거3485,ENTRY,CAM_01,2026-09-18 18:56:52,
1646,668거3485,EXIT,CAM_01,2026-09-18 23:19:52,
1647,72나6681,ENTRY,CAM_01,2026-09-18 19:19:21,
1648,72나6681,EXIT,CAM_01,2026-09-18 21:39:21,
1649,44코4804,ENTRY,CAM_01,2026-09-19 10:11:01,
1650,44코4804,EXIT,CAM_01,2026-09-19 11:32:01,
1651,523버8258,ENTRY,CAM_01,2026-09-19 11:53:56,
1652,523버8258,EXIT,CAM_01,2026-09-19 13:16:56,
1653,804자9230,ENTRY,CAM_01,2026-09-19 12:01:22,
1654,804자9230,EXIT,CAM_01,2026-09-19 12:06:22,
1655,856차4079,ENTRY,CAM_01,2026-09-19 17:52:57,
1656,856차4079,EXIT,CAM_01,2026-09-19 19:18:57,
1657,603자3683,ENTRY,CAM_01,2026-09-19 18:30:45,
1658,603자3683,EXIT,CAM_01,2026-09-19 19:22:45,
1659,376거4323,ENTRY,CAM_01,2026-09-20 12:26:48,
1660,376거4323,EXIT,CAM_01,2026-09-20 13:10:48,
1661,14고8485,ENTRY,CAM_01,2026-09-20 13:47:36,
1662,14고8485,EXIT,CAM_01,2026-09-20 14:01:36,
1663,88노8400,ENTRY,CAM_01,2026-09-20 14:27:18,
1664,88노8400,EXIT,CAM_01,2026-09-20 15:28:18,
1665,550버5684,ENTRY,CAM_01,2026-09-20 15:33:48,
1666,550버5684,EXIT,CAM_01,2026-09-20 16:34:48,
1667,601후8496,ENTRY,CAM_01,2026-09-20 17:04:11,
1668,601후8496,EXIT,CAM_01,2026-09-20 20:55:11,
1669,631부1643,ENTRY,CAM_01,2026-09-20 18:02:56,
1670,631부1643,EXIT,CAM_01,2026-09-20 18:36:56,
1671,722무6126,ENTRY,CAM_01,2026-09-20 18:27:25,
1672,722무6126,EXIT,CAM_01,2026-09-20 18:32:25,
1673,771터8517,ENTRY,CAM_01,2026-09-21 07:03:06,
1674,771터8517,EXIT,CAM_01,2026-09-21 13:54:06,
1675,532러3547,ENTRY,CAM_01,2026-09-21 07:05:07,
1676,532러3547,EXIT,CAM_01,2026-09-21 15:50:07,
1677,56모9085,ENTRY,CAM_01,2026-09-21 07:05:49,
1678,56모9085,EXIT,CAM_01,2026-09-21 15:58:49,
1679,91부5506,ENTRY,CAM_01,2026-09-21 07:11:49,
1680,91부5506,EXIT,CAM_01,2026-09-21 13:47:49,
1681,18우5741,ENTRY,CAM_01,2026-09-21 07:26:19,
1682,18우5741,EXIT,CAM_01,2026-09-21 15:49:19,
1683,649우6573,ENTRY,CAM_01,2026-09-21 07:36:46,
1684,649우6573,EXIT,CAM_01,2026-09-21 18:45:46,
1685,78카8573,ENTRY,CAM_01,2026-09-21 07:38:38,
1686,78카8573,EXIT,CAM_01,2026-09-21 16:03:38,
1687,21후2796,ENTRY,CAM_01,2026-09-21 07:48:27,
1688,21후2796,EXIT,CAM_01,2026-09-21 18:30:27,
1689,384포6977,ENTRY,CAM_01,2026-09-21 08:00:39,
1690,384포6977,EXIT,CAM_01,2026-09-21 17:21:39,
1691,17추6168,ENTRY,CAM_01,2026-09-21 08:03:41,
1692,17추6168,EXIT,CAM_01,2026-09-21 16:23:41,
1693,20후2654,ENTRY,CAM_01,2026-09-21 08:07:57,
1694,20후2654,EXIT,CAM_01,2026-09-21 19:50:57,
1695,28너9830,ENTRY,CAM_01,2026-09-21 08:10:43,
1696,28너9830,EXIT,CAM_01,2026-09-21 17:01:43,
1697,733조4150,ENTRY,CAM_01,2026-09-21 08:10:55,
1698,733조4150,EXIT,CAM_01,2026-09-21 19:14:55,
1699,72처6038,ENTRY,CAM_01,2026-09-21 08:12:00,
1700,72처6038,EXIT,CAM_01,2026-09-21 18:46:00,
1701,87무8527,ENTRY,CAM_01,2026-09-21 08:24:35,
1702,87무8527,EXIT,CAM_01,2026-09-21 15:51:35,
1703,400카8433,ENTRY,CAM_01,2026-09-21 08:27:38,
1704,400카8433,EXIT,CAM_01,2026-09-21 17:32:38,
1705,96초7912,ENTRY,CAM_01,2026-09-21 08:29:37,
1706,96초7912,EXIT,CAM_01,2026-09-21 20:21:37,
1707,864초7543,ENTRY,CAM_01,2026-09-21 08:29:47,
1708,864초7543,EXIT,CAM_01,2026-09-21 19:58:47,
1709,58누6313,ENTRY,CAM_01,2026-09-21 08:39:40,
1710,58누6313,EXIT,CAM_01,2026-09-21 15:21:40,
1711,77누2876,ENTRY,CAM_01,2026-09-21 08:44:13,
1712,77누2876,EXIT,CAM_01,2026-09-21 16:56:13,
1713,74오4257,ENTRY,CAM_01,2026-09-21 08:44:41,
1714,74오4257,EXIT,CAM_01,2026-09-21 16:08:41,
1715,61하6155,ENTRY,CAM_01,2026-09-21 08:54:02,
1716,61하6155,EXIT,CAM_01,2026-09-21 16:48:02,
1717,79코6310,ENTRY,CAM_01,2026-09-21 08:56:39,
1718,79코6310,EXIT,CAM_01,2026-09-21 17:06:39,
1719,208투9317,ENTRY,CAM_01,2026-09-21 08:59:08,
1720,208투9317,EXIT,CAM_01,2026-09-21 16:59:08,
1721,165커8668,ENTRY,CAM_01,2026-09-21 09:08:07,
1722,165커8668,EXIT,CAM_01,2026-09-21 18:03:07,
1723,99코3803,ENTRY,CAM_01,2026-09-21 09:15:13,
1724,99코3803,EXIT,CAM_01,2026-09-21 17:08:13,
1725,78자8787,ENTRY,CAM_01,2026-09-21 09:26:02,
1726,78자8787,EXIT,CAM_01,2026-09-21 19:54:02,
1727,41부2679,ENTRY,CAM_01,2026-09-21 09:26:20,
1728,41부2679,EXIT,CAM_01,2026-09-21 17:08:20,
1729,389코3087,ENTRY,CAM_01,2026-09-21 09:30:07,
1730,389코3087,EXIT,CAM_01,2026-09-21 10:05:07,
1731,479하5374,ENTRY,CAM_01,2026-09-21 09:34:51,
1732,479하5374,EXIT,CAM_01,2026-09-21 18:39:51,
1733,881사2519,ENTRY,CAM_01,2026-09-21 09:46:50,
1734,881사2519,EXIT,CAM_01,2026-09-21 17:03:50,
1735,64루8304,ENTRY,CAM_01,2026-09-21 10:03:05,
1736,64루8304,EXIT,CAM_01,2026-09-21 10:31:05,
1737,15어8649,ENTRY,CAM_01,2026-09-21 10:19:59,
1738,15어8649,EXIT,CAM_01,2026-09-21 11:32:59,
1739,16도1826,ENTRY,CAM_01,2026-09-21 11:19:39,
1740,16도1826,EXIT,CAM_01,2026-09-21 13:32:39,
1741,907노8987,ENTRY,CAM_01,2026-09-21 11:58:42,
1742,907노8987,EXIT,CAM_01,2026-09-21 13:22:42,
1743,417차2609,ENTRY,CAM_01,2026-09-21 11:59:30,
1744,417차2609,EXIT,CAM_01,2026-09-21 13:39:30,
1745,51아6460,ENTRY,CAM_01,2026-09-21 12:32:35,
1746,51아6460,EXIT,CAM_01,2026-09-21 15:10:35,
1747,125모3524,ENTRY,CAM_01,2026-09-21 13:02:49,
1748,125모3524,EXIT,CAM_01,2026-09-21 14:24:49,
1749,645우8227,ENTRY,CAM_01,2026-09-21 13:12:18,
1750,645우8227,EXIT,CAM_01,2026-09-21 13:17:18,
1751,821조5011,ENTRY,CAM_01,2026-09-21 13:20:17,
1752,821조5011,EXIT,CAM_01,2026-09-21 14:59:17,
1753,298투6536,ENTRY,CAM_01,2026-09-21 13:46:36,
1754,298투6536,EXIT,CAM_01,2026-09-21 14:50:36,
1755,388주2111,ENTRY,CAM_01,2026-09-21 13:51:40,
1756,388주2111,EXIT,CAM_01,2026-09-21 15:26:40,
1757,573부1917,ENTRY,CAM_01,2026-09-21 14:40:29,
1758,573부1917,EXIT,CAM_01,2026-09-21 16:52:29,
1759,99노6085,ENTRY,CAM_01,2026-09-21 15:05:52,
1760,99노6085,EXIT,CAM_01,2026-09-21 15:10:52,
1761,89하9888,ENTRY,CAM_01,2026-09-21 16:17:09,
1762,89하9888,EXIT,CAM_01,2026-09-21 17:48:09,
1763,95수8629,ENTRY,CAM_01,2026-09-21 16:19:21,
1764,95수8629,EXIT,CAM_01,2026-09-21 18:12:21,
1765,247처7423,ENTRY,CAM_01,2026-09-21 16:45:49,
1766,247처7423,EXIT,CAM_01,2026-09-21 17:17:49,
1767,720타2914,ENTRY,CAM_01,2026-09-21 16:53:10,
1768,720타2914,EXIT,CAM_01,2026-09-21 20:14:10,
1769,45어7147,ENTRY,CAM_01,2026-09-21 17:56:50,
1770,45어7147,EXIT,CAM_01,2026-09-21 18:01:50,
1771,691포4438,ENTRY,CAM_01,2026-09-21 18:06:33,
1772,691포4438,EXIT,CAM_01,2026-09-21 19:31:33,
1773,96하6434,ENTRY,CAM_01,2026-09-21 18:19:36,
1774,96하6434,EXIT,CAM_01,2026-09-21 18:47:36,
1775,321타2838,ENTRY,CAM_01,2026-09-21 18:23:28,
1776,321타2838,EXIT,CAM_01,2026-09-21 18:47:28,
1777,570루9558,ENTRY,CAM_01,2026-09-21 18:33:43,
1778,570루9558,EXIT,CAM_01,2026-09-21 20:28:43,
1779,378바9143,ENTRY,CAM_01,2026-09-21 18:48:19,
1780,378바9143,EXIT,CAM_01,2026-09-21 19:48:19,
1781,70호3224,ENTRY,CAM_01,2026-09-21 19:30:58,
1782,70호3224,EXIT,CAM_01,2026-09-21 20:35:58,
1783,61하6155,ENTRY,CAM_01,2026-09-22 07:00:45,
1784,61하6155,EXIT,CAM_01,2026-09-22 12:27:45,
1785,29주7916,ENTRY,CAM_01,2026-09-22 07:04:41,
1786,29주7916,EXIT,CAM_01,2026-09-22 18:47:41,
1787,733조4150,ENTRY,CAM_01,2026-09-22 07:05:13,
1788,733조4150,EXIT,CAM_01,2026-09-22 17:41:13,
1789,40조2290,ENTRY,CAM_01,2026-09-22 07:09:46,
1790,40조2290,EXIT,CAM_01,2026-09-22 15:58:46,
1791,881사2519,ENTRY,CAM_01,2026-09-22 07:47:59,
1792,881사2519,EXIT,CAM_01,2026-09-22 16:26:59,
1793,20후2654,ENTRY,CAM_01,2026-09-22 07:48:09,
1794,20후2654,EXIT,CAM_01,2026-09-22 14:16:09,
1795,96초7912,ENTRY,CAM_01,2026-09-22 07:50:19,
1796,96초7912,EXIT,CAM_01,2026-09-22 15:40:19,
1797,72처6038,ENTRY,CAM_01,2026-09-22 08:07:37,
1798,72처6038,EXIT,CAM_01,2026-09-22 17:02:37,
1799,32구8317,ENTRY,CAM_01,2026-09-22 08:07:38,
1800,32구8317,EXIT,CAM_01,2026-09-22 08:43:38,
1801,818거8359,ENTRY,CAM_01,2026-09-22 08:13:52,
1802,818거8359,EXIT,CAM_01,2026-09-22 17:00:52,
1803,479하5374,ENTRY,CAM_01,2026-09-22 08:19:36,
1804,479하5374,EXIT,CAM_01,2026-09-22 18:54:36,
1805,87처3646,ENTRY,CAM_01,2026-09-22 08:26:59,
1806,87처3646,EXIT,CAM_01,2026-09-22 16:23:59,
1807,532러3547,ENTRY,CAM_01,2026-09-22 08:34:44,
1808,532러3547,EXIT,CAM_01,2026-09-22 16:24:44,
1809,14하4811,ENTRY,CAM_01,2026-09-22 08:35:10,
1810,14하4811,EXIT,CAM_01,2026-09-22 17:36:10,
1811,56모9085,ENTRY,CAM_01,2026-09-22 08:35:24,
1812,56모9085,EXIT,CAM_01,2026-09-22 18:42:24,
1813,864초7543,ENTRY,CAM_01,2026-09-22 08:42:11,
1814,864초7543,EXIT,CAM_01,2026-09-22 16:32:11,
1815,771터8517,ENTRY,CAM_01,2026-09-22 08:55:01,
1816,771터8517,EXIT,CAM_01,2026-09-22 16:43:01,
1817,21후2796,ENTRY,CAM_01,2026-09-22 08:55:42,
1818,21후2796,EXIT,CAM_01,2026-09-22 17:04:42,
1819,165커8668,ENTRY,CAM_01,2026-09-22 09:08:05,
1820,165커8668,EXIT,CAM_01,2026-09-22 18:42:05,
1821,87무8527,ENTRY,CAM_01,2026-09-22 09:11:19,
1822,87무8527,EXIT,CAM_01,2026-09-22 19:03:19,
1823,227바5803,ENTRY,CAM_01,2026-09-22 09:20:31,
1824,227바5803,EXIT,CAM_01,2026-09-22 18:30:31,
1825,199푸6635,ENTRY,CAM_01,2026-09-22 09:20:35,
1826,199푸6635,EXIT,CAM_01,2026-09-22 15:53:35,
1827,839모3927,ENTRY,CAM_01,2026-09-22 09:24:22,
1828,839모3927,EXIT,CAM_01,2026-09-22 18:58:22,
1829,400카8433,ENTRY,CAM_01,2026-09-22 09:32:27,
1830,400카8433,EXIT,CAM_01,2026-09-22 17:25:27,
1831,384포6977,ENTRY,CAM_01,2026-09-22 09:34:18,
1832,384포6977,EXIT,CAM_01,2026-09-22 17:22:18,
1833,28너9830,ENTRY,CAM_01,2026-09-22 09:40:20,
1834,28너9830,EXIT,CAM_01,2026-09-22 18:38:20,
1835,78카8573,ENTRY,CAM_01,2026-09-22 09:45:58,
1836,78카8573,EXIT,CAM_01,2026-09-22 18:43:58,
1837,91부5506,ENTRY,CAM_01,2026-09-22 09:52:45,
1838,91부5506,EXIT,CAM_01,2026-09-22 20:32:45,
1839,58누6313,ENTRY,CAM_01,2026-09-22 09:54:08,
1840,58누6313,EXIT,CAM_01,2026-09-22 19:46:08,
1841,208투9317,ENTRY,CAM_01,2026-09-22 09:54:46,
1842,208투9317,EXIT,CAM_01,2026-09-22 20:47:46,
1843,77누2876,ENTRY,CAM_01,2026-09-22 09:55:29,
1844,77누2876,EXIT,CAM_01,2026-09-22 21:03:29,
1845,730러5209,ENTRY,CAM_01,2026-09-22 10:32:04,
1846,730러5209,EXIT,CAM_01,2026-09-22 12:15:04,
1847,767어5429,ENTRY,CAM_01,2026-09-22 10:34:40,
1848,767어5429,EXIT,CAM_01,2026-09-22 10:39:40,
1849,552사1571,ENTRY,CAM_01,2026-09-22 10:34:49,
1850,552사1571,EXIT,CAM_01,2026-09-22 10:39:49,
1851,895나9154,ENTRY,CAM_01,2026-09-22 10:36:46,
1852,895나9154,EXIT,CAM_01,2026-09-22 12:25:46,
1853,88호9061,ENTRY,CAM_01,2026-09-22 10:59:12,
1854,88호9061,EXIT,CAM_01,2026-09-22 14:22:12,
1855,255터1060,ENTRY,CAM_01,2026-09-22 11:40:00,
1856,255터1060,EXIT,CAM_01,2026-09-22 14:15:00,
1857,82포8752,ENTRY,CAM_01,2026-09-22 12:02:44,
1858,82포8752,EXIT,CAM_01,2026-09-22 14:45:44,
1859,932타8218,ENTRY,CAM_01,2026-09-22 12:03:24,
1860,932타8218,EXIT,CAM_01,2026-09-22 12:08:24,
1861,698노4961,ENTRY,CAM_01,2026-09-22 12:06:16,
1862,698노4961,EXIT,CAM_01,2026-09-22 14:52:16,
1863,33어2382,ENTRY,CAM_01,2026-09-22 13:11:16,
1864,33어2382,EXIT,CAM_01,2026-09-22 14:34:16,
1865,474바8530,ENTRY,CAM_01,2026-09-22 13:40:41,
1866,474바8530,EXIT,CAM_01,2026-09-22 14:23:41,
1867,531추5827,ENTRY,CAM_01,2026-09-22 14:30:36,
1868,531추5827,EXIT,CAM_01,2026-09-22 15:05:36,
1869,88도2279,ENTRY,CAM_01,2026-09-22 14:33:56,
1870,88도2279,EXIT,CAM_01,2026-09-22 14:38:56,
1871,585차9690,ENTRY,CAM_01,2026-09-22 14:48:59,
1872,585차9690,EXIT,CAM_01,2026-09-22 15:05:59,
1873,546푸2148,ENTRY,CAM_01,2026-09-22 14:49:31,
1874,546푸2148,EXIT,CAM_01,2026-09-22 15:27:31,
1875,224어5961,ENTRY,CAM_01,2026-09-22 15:00:24,
1876,224어5961,EXIT,CAM_01,2026-09-22 18:01:24,
1877,94머8942,ENTRY,CAM_01,2026-09-22 15:36:03,
1878,94머8942,EXIT,CAM_01,2026-09-22 16:04:03,
1879,14라4552,ENTRY,CAM_01,2026-09-22 16:22:14,
1880,14라4552,EXIT,CAM_01,2026-09-22 17:29:14,
1881,53도8438,ENTRY,CAM_01,2026-09-22 16:34:51,
1882,53도8438,EXIT,CAM_01,2026-09-22 16:39:51,
1883,51우2212,ENTRY,CAM_01,2026-09-22 16:42:49,
1884,51우2212,EXIT,CAM_01,2026-09-22 19:04:49,
1885,11보2702,ENTRY,CAM_01,2026-09-22 16:53:04,
1886,11보2702,EXIT,CAM_01,2026-09-22 18:59:04,
1887,575도5937,ENTRY,CAM_01,2026-09-22 17:07:03,
1888,575도5937,EXIT,CAM_01,2026-09-22 18:53:03,
1889,691라5331,ENTRY,CAM_01,2026-09-22 17:15:42,
1890,691라5331,EXIT,CAM_01,2026-09-22 17:20:42,
1891,284오1173,ENTRY,CAM_01,2026-09-22 17:37:49,
1892,284오1173,EXIT,CAM_01,2026-09-22 19:10:49,
1893,491보1672,ENTRY,CAM_01,2026-09-22 18:00:18,
1894,491보1672,EXIT,CAM_01,2026-09-22 19:03:18,
1895,25커4027,ENTRY,CAM_01,2026-09-22 19:40:07,
1896,25커4027,EXIT,CAM_01,2026-09-22 20:09:07,
1897,754러7995,ENTRY,CAM_01,2026-09-22 19:44:11,
1898,754러7995,EXIT,CAM_01,2026-09-22 20:57:11,
1899,957수7765,ENTRY,CAM_01,2026-09-22 20:38:59,
1900,957수7765,EXIT,CAM_01,2026-09-22 21:09:59,
1901,74오4257,ENTRY,CAM_01,2026-09-23 07:12:01,
1902,74오4257,EXIT,CAM_01,2026-09-23 15:28:01,
1903,208투9317,ENTRY,CAM_01,2026-09-23 07:33:06,
1904,208투9317,EXIT,CAM_01,2026-09-23 14:41:06,
1905,17추6168,ENTRY,CAM_01,2026-09-23 07:37:11,
1906,17추6168,EXIT,CAM_01,2026-09-23 16:33:11,
1907,72처6038,ENTRY,CAM_01,2026-09-23 08:03:12,
1908,72처6038,EXIT,CAM_01,2026-09-23 18:01:12,
1909,479하5374,ENTRY,CAM_01,2026-09-23 08:04:51,
1910,479하5374,EXIT,CAM_01,2026-09-23 18:28:51,
1911,165커8668,ENTRY,CAM_01,2026-09-23 08:09:40,
1912,165커8668,EXIT,CAM_01,2026-09-23 17:16:40,
1913,41부2679,ENTRY,CAM_01,2026-09-23 08:11:35,
1914,41부2679,EXIT,CAM_01,2026-09-23 18:56:35,
1915,78카8573,ENTRY,CAM_01,2026-09-23 08:20:53,
1916,78카8573,EXIT,CAM_01,2026-09-23 17:24:53,
1917,56모9085,ENTRY,CAM_01,2026-09-23 08:26:44,
1918,56모9085,EXIT,CAM_01,2026-09-23 17:55:44,
1919,771터8517,ENTRY,CAM_01,2026-09-23 08:28:15,
1920,771터8517,EXIT,CAM_01,2026-09-23 18:11:15,
1921,14하4811,ENTRY,CAM_01,2026-09-23 08:31:05,
1922,14하4811,EXIT,CAM_01,2026-09-23 19:03:05,
1923,818거8359,ENTRY,CAM_01,2026-09-23 08:31:24,
1924,818거8359,EXIT,CAM_01,2026-09-23 19:34:24,
1925,77누2876,ENTRY,CAM_01,2026-09-23 08:39:44,
1926,77누2876,EXIT,CAM_01,2026-09-23 19:36:44,
1927,78자8787,ENTRY,CAM_01,2026-09-23 08:42:59,
1928,78자8787,EXIT,CAM_01,2026-09-23 18:35:59,
1929,18우5741,ENTRY,CAM_01,2026-09-23 08:44:41,
1930,18우5741,EXIT,CAM_01,2026-09-23 18:41:41,
1931,649우6573,ENTRY,CAM_01,2026-09-23 08:45:31,
1932,649우6573,EXIT,CAM_01,2026-09-23 17:35:31,
1933,532러3547,ENTRY,CAM_01,2026-09-23 08:50:46,
1934,532러3547,EXIT,CAM_01,2026-09-23 18:53:46,
1935,99코3803,ENTRY,CAM_01,2026-09-23 08:51:53,
1936,99코3803,EXIT,CAM_01,2026-09-23 20:25:53,
1937,20후2654,ENTRY,CAM_01,2026-09-23 08:52:50,
1938,20후2654,EXIT,CAM_01,2026-09-23 18:52:50,
1939,384포6977,ENTRY,CAM_01,2026-09-23 08:53:37,
1940,384포6977,EXIT,CAM_01,2026-09-23 20:45:37,
1941,227바5803,ENTRY,CAM_01,2026-09-23 08:59:04,
1942,227바5803,EXIT,CAM_01,2026-09-23 19:07:04,
1943,839모3927,ENTRY,CAM_01,2026-09-23 09:00:35,
1944,839모3927,EXIT,CAM_01,2026-09-23 17:54:35,
1945,85수3615,ENTRY,CAM_01,2026-09-23 09:01:02,
1946,85수3615,EXIT,CAM_01,2026-09-23 19:04:02,
1947,864초7543,ENTRY,CAM_01,2026-09-23 09:05:00,
1948,864초7543,EXIT,CAM_01,2026-09-23 21:50:00,
1949,61하6155,ENTRY,CAM_01,2026-09-23 09:10:44,
1950,61하6155,EXIT,CAM_01,2026-09-23 19:09:44,
1951,924다2710,ENTRY,CAM_01,2026-09-23 09:23:18,
1952,924다2710,EXIT,CAM_01,2026-09-23 10:49:18,
1953,563너2361,ENTRY,CAM_01,2026-09-23 09:33:25,
1954,563너2361,EXIT,CAM_01,2026-09-23 09:38:25,
1955,199푸6635,ENTRY,CAM_01,2026-09-23 09:43:55,
1956,199푸6635,EXIT,CAM_01,2026-09-23 19:14:55,
1957,28너9830,ENTRY,CAM_01,2026-09-23 09:49:10,
1958,28너9830,EXIT,CAM_01,2026-09-23 18:57:10,
1959,79코6310,ENTRY,CAM_01,2026-09-23 09:49:40,
1960,79코6310,EXIT,CAM_01,2026-09-23 17:07:40,
1961,96초7912,ENTRY,CAM_01,2026-09-23 09:57:06,
1962,96초7912,EXIT,CAM_01,2026-09-23 19:38:06,
1963,733조4150,ENTRY,CAM_01,2026-09-23 09:58:58,
1964,733조4150,EXIT,CAM_01,2026-09-23 19:29:58,
1965,51부6336,ENTRY,CAM_01,2026-09-23 10:57:15,
1966,51부6336,EXIT,CAM_01,2026-09-23 11:57:15,
1967,68노8598,ENTRY,CAM_01,2026-09-23 12:05:01,
1968,68노8598,EXIT,CAM_01,2026-09-23 12:29:01,
1969,39부7759,ENTRY,CAM_01,2026-09-23 12:07:20,
1970,39부7759,EXIT,CAM_01,2026-09-23 12:12:20,
1971,51초3440,ENTRY,CAM_01,2026-09-23 12:46:27,
1972,51초3440,EXIT,CAM_01,2026-09-23 13:57:27,
1973,62저5846,ENTRY,CAM_01,2026-09-23 15:00:44,
1974,62저5846,EXIT,CAM_01,2026-09-23 16:28:44,
1975,161자2820,ENTRY,CAM_01,2026-09-23 16:17:12,
1976,161자2820,EXIT,CAM_01,2026-09-23 17:24:12,
1977,31바7745,ENTRY,CAM_01,2026-09-23 16:50:50,
1978,31바7745,EXIT,CAM_01,2026-09-23 17:11:50,
1979,289포8607,ENTRY,CAM_01,2026-09-23 17:55:45,
1980,289포8607,EXIT,CAM_01,2026-09-23 19:16:45,
1981,32로9436,ENTRY,CAM_01,2026-09-23 17:59:34,
1982,32로9436,EXIT,CAM_01,2026-09-23 19:58:34,
1983,155차4541,ENTRY,CAM_01,2026-09-23 18:24:57,
1984,155차4541,EXIT,CAM_01,2026-09-23 19:51:57,
1985,878거5835,ENTRY,CAM_01,2026-09-23 18:29:26,
1986,878거5835,EXIT,CAM_01,2026-09-23 19:57:26,
1987,705투8581,ENTRY,CAM_01,2026-09-23 18:31:55,
1988,705투8581,EXIT,CAM_01,2026-09-23 18:43:55,
1989,59노4181,ENTRY,CAM_01,2026-09-23 19:29:11,
1990,59노4181,EXIT,CAM_01,2026-09-23 21:50:11,
1991,63도9261,ENTRY,CAM_01,2026-09-23 19:57:00,
1992,63도9261,EXIT,CAM_01,2026-09-23 20:27:00,
1993,41부2679,ENTRY,CAM_01,2026-09-24 07:18:27,
1994,41부2679,EXIT,CAM_01,2026-09-24 17:59:27,
1995,384포6977,ENTRY,CAM_01,2026-09-24 07:30:45,
1996,384포6977,EXIT,CAM_01,2026-09-24 14:05:45,
1997,532러3547,ENTRY,CAM_01,2026-09-24 07:35:45,
1998,532러3547,EXIT,CAM_01,2026-09-24 17:16:45,
1999,91부5506,ENTRY,CAM_01,2026-09-24 07:55:40,
2000,91부5506,EXIT,CAM_01,2026-09-24 20:06:40,
2001,849쿠2133,ENTRY,CAM_01,2026-09-24 08:10:15,
2002,849쿠2133,EXIT,CAM_01,2026-09-24 21:10:15,
2003,400카8433,ENTRY,CAM_01,2026-09-24 08:10:50,
2004,400카8433,EXIT,CAM_01,2026-09-24 17:23:50,
2005,199푸6635,ENTRY,CAM_01,2026-09-24 08:15:34,
2006,199푸6635,EXIT,CAM_01,2026-09-24 18:52:34,
2007,28너9830,ENTRY,CAM_01,2026-09-24 08:17:07,
2008,28너9830,EXIT,CAM_01,2026-09-24 18:12:07,
2009,87처3646,ENTRY,CAM_01,2026-09-24 08:18:29,
2010,87처3646,EXIT,CAM_01,2026-09-24 19:21:29,
2011,85수3615,ENTRY,CAM_01,2026-09-24 08:29:39,
2012,85수3615,EXIT,CAM_01,2026-09-24 19:12:39,
2013,18우5741,ENTRY,CAM_01,2026-09-24 08:32:43,
2014,18우5741,EXIT,CAM_01,2026-09-24 17:25:43,
2015,78자8787,ENTRY,CAM_01,2026-09-24 08:36:08,
2016,78자8787,EXIT,CAM_01,2026-09-24 16:35:08,
2017,72처6038,ENTRY,CAM_01,2026-09-24 08:45:34,
2018,72처6038,EXIT,CAM_01,2026-09-24 17:11:34,
2019,227바5803,ENTRY,CAM_01,2026-09-24 08:48:47,
2020,227바5803,EXIT,CAM_01,2026-09-24 19:15:47,
2021,14하4811,ENTRY,CAM_01,2026-09-24 08:50:43,
2022,14하4811,EXIT,CAM_01,2026-09-24 20:52:43,
2023,99코3803,ENTRY,CAM_01,2026-09-24 08:51:43,
2024,99코3803,EXIT,CAM_01,2026-09-24 17:37:43,
2025,165커8668,ENTRY,CAM_01,2026-09-24 08:53:33,
2026,165커8668,EXIT,CAM_01,2026-09-24 17:14:33,
2027,818거8359,ENTRY,CAM_01,2026-09-24 08:56:03,
2028,818거8359,EXIT,CAM_01,2026-09-24 19:46:03,
2029,61하6155,ENTRY,CAM_01,2026-09-24 09:05:05,
2030,61하6155,EXIT,CAM_01,2026-09-24 17:41:05,
2031,864초7543,ENTRY,CAM_01,2026-09-24 09:09:55,
2032,864초7543,EXIT,CAM_01,2026-09-24 19:31:55,
2033,29주7916,ENTRY,CAM_01,2026-09-24 09:28:47,
2034,29주7916,EXIT,CAM_01,2026-09-24 18:02:47,
2035,649우6573,ENTRY,CAM_01,2026-09-24 09:29:19,
2036,649우6573,EXIT,CAM_01,2026-09-24 16:37:19,
2037,20후2654,ENTRY,CAM_01,2026-09-24 09:31:32,
2038,20후2654,EXIT,CAM_01,2026-09-24 19:05:32,
2039,77누2876,ENTRY,CAM_01,2026-09-24 09:37:21,
2040,77누2876,EXIT,CAM_01,2026-09-24 17:28:21,
2041,56모9085,ENTRY,CAM_01,2026-09-24 09:43:34,
2042,56모9085,EXIT,CAM_01,2026-09-24 22:35:34,
2043,863초8872,ENTRY,CAM_01,2026-09-24 09:48:17,
2044,863초8872,EXIT,CAM_01,2026-09-24 09:53:17,
2045,46로5009,ENTRY,CAM_01,2026-09-24 10:42:57,
2046,46로5009,EXIT,CAM_01,2026-09-24 13:41:57,
2047,439도5748,ENTRY,CAM_01,2026-09-24 11:47:34,
2048,439도5748,EXIT,CAM_01,2026-09-24 15:09:34,
2049,45바9821,ENTRY,CAM_01,2026-09-24 12:59:49,
2050,45바9821,EXIT,CAM_01,2026-09-24 14:55:49,
2051,67하8278,ENTRY,CAM_01,2026-09-24 13:23:00,
2052,67하8278,EXIT,CAM_01,2026-09-24 14:25:00,
2053,84서8553,ENTRY,CAM_01,2026-09-24 13:46:36,
2054,84서8553,EXIT,CAM_01,2026-09-24 15:47:36,
2055,82파4047,ENTRY,CAM_01,2026-09-24 13:58:17,
2056,82파4047,EXIT,CAM_01,2026-09-24 14:07:17,
2057,368포8742,ENTRY,CAM_01,2026-09-24 14:47:29,
2058,368포8742,EXIT,CAM_01,2026-09-24 16:18:29,
2059,50처8347,ENTRY,CAM_01,2026-09-24 15:02:42,
2060,50처8347,EXIT,CAM_01,2026-09-24 16:37:42,
2061,61노6246,ENTRY,CAM_01,2026-09-24 15:10:34,
2062,61노6246,EXIT,CAM_01,2026-09-24 15:42:34,
2063,802두2959,ENTRY,CAM_01,2026-09-24 15:55:16,
2064,802두2959,EXIT,CAM_01,2026-09-24 17:16:16,
2065,87초9625,ENTRY,CAM_01,2026-09-24 16:14:28,
2066,87초9625,EXIT,CAM_01,2026-09-24 16:55:28,
2067,312도9606,ENTRY,CAM_01,2026-09-24 17:26:08,
2068,312도9606,EXIT,CAM_01,2026-09-24 19:22:08,
2069,66추7944,ENTRY,CAM_01,2026-09-24 17:26:51,
2070,66추7944,EXIT,CAM_01,2026-09-24 19:35:51,
2071,154처7873,ENTRY,CAM_01,2026-09-24 18:08:22,
2072,154처7873,EXIT,CAM_01,2026-09-24 19:28:22,
2073,143투5979,ENTRY,CAM_01,2026-09-24 18:18:35,
2074,143투5979,EXIT,CAM_01,2026-09-24 20:12:35,
2075,299서9381,ENTRY,CAM_01,2026-09-24 18:43:42,
2076,299서9381,EXIT,CAM_01,2026-09-24 22:35:42,
2077,219나7580,ENTRY,CAM_01,2026-09-24 19:08:43,
2078,219나7580,EXIT,CAM_01,2026-09-24 19:13:43,
2079,56루8006,ENTRY,CAM_01,2026-09-24 19:58:42,
2080,56루8006,EXIT,CAM_01,2026-09-24 20:29:42,
2081,874바1108,ENTRY,CAM_01,2026-09-24 20:04:59,
2082,874바1108,EXIT,CAM_01,2026-09-24 20:09:59,
2083,66무8847,ENTRY,CAM_01,2026-09-24 20:48:36,
2084,66무8847,EXIT,CAM_01,2026-09-24 21:09:36,
2085,479하5374,ENTRY,CAM_01,2026-09-25 07:02:50,
2086,479하5374,EXIT,CAM_01,2026-09-25 13:52:50,
2087,384포6977,ENTRY,CAM_01,2026-09-25 07:04:01,
2088,384포6977,EXIT,CAM_01,2026-09-25 16:47:01,
2089,29주7916,ENTRY,CAM_01,2026-09-25 07:06:52,
2090,29주7916,EXIT,CAM_01,2026-09-25 16:12:52,
2091,733조4150,ENTRY,CAM_01,2026-09-25 07:14:08,
2092,733조4150,EXIT,CAM_01,2026-09-25 17:05:08,
2093,881사2519,ENTRY,CAM_01,2026-09-25 07:26:29,
2094,881사2519,EXIT,CAM_01,2026-09-25 17:24:29,
2095,99코3803,ENTRY,CAM_01,2026-09-25 07:30:07,
2096,99코3803,EXIT,CAM_01,2026-09-25 17:12:07,
2097,199푸6635,ENTRY,CAM_01,2026-09-25 07:30:22,
2098,199푸6635,EXIT,CAM_01,2026-09-25 16:27:22,
2099,96초7912,ENTRY,CAM_01,2026-09-25 07:38:48,
2100,96초7912,EXIT,CAM_01,2026-09-25 17:37:48,
2101,78카8573,ENTRY,CAM_01,2026-09-25 07:48:06,
2102,78카8573,EXIT,CAM_01,2026-09-25 16:53:06,
2103,649우6573,ENTRY,CAM_01,2026-09-25 07:59:13,
2104,649우6573,EXIT,CAM_01,2026-09-25 19:53:13,
2105,91부5506,ENTRY,CAM_01,2026-09-25 08:03:18,
2106,91부5506,EXIT,CAM_01,2026-09-25 16:49:18,
2107,74오4257,ENTRY,CAM_01,2026-09-25 08:06:34,
2108,74오4257,EXIT,CAM_01,2026-09-25 14:59:34,
2109,87처3646,ENTRY,CAM_01,2026-09-25 08:07:29,
2110,87처3646,EXIT,CAM_01,2026-09-25 18:30:29,
2111,87무8527,ENTRY,CAM_01,2026-09-25 08:08:52,
2112,87무8527,EXIT,CAM_01,2026-09-25 13:18:52,
2113,61하6155,ENTRY,CAM_01,2026-09-25 08:11:42,
2114,61하6155,EXIT,CAM_01,2026-09-25 17:07:42,
2115,227바5803,ENTRY,CAM_01,2026-09-25 08:11:45,
2116,227바5803,EXIT,CAM_01,2026-09-25 19:06:45,
2117,18우5741,ENTRY,CAM_01,2026-09-25 08:13:08,
2118,18우5741,EXIT,CAM_01,2026-09-25 16:53:08,
2119,14하4811,ENTRY,CAM_01,2026-09-25 08:17:43,
2120,14하4811,EXIT,CAM_01,2026-09-25 18:45:43,
2121,165커8668,ENTRY,CAM_01,2026-09-25 08:18:10,
2122,165커8668,EXIT,CAM_01,2026-09-25 17:30:10,
2123,818거8359,ENTRY,CAM_01,2026-09-25 08:23:49,
2124,818거8359,EXIT,CAM_01,2026-09-25 16:22:49,
2125,208투9317,ENTRY,CAM_01,2026-09-25 08:24:27,
2126,208투9317,EXIT,CAM_01,2026-09-25 17:58:27,
2127,400카8433,ENTRY,CAM_01,2026-09-25 08:28:43,
2128,400카8433,EXIT,CAM_01,2026-09-25 16:23:43,
2129,79코6310,ENTRY,CAM_01,2026-09-25 08:31:48,
2130,79코6310,EXIT,CAM_01,2026-09-25 17:03:48,
2131,849쿠2133,ENTRY,CAM_01,2026-09-25 08:43:53,
2132,849쿠2133,EXIT,CAM_01,2026-09-25 16:15:53,
2133,41부2679,ENTRY,CAM_01,2026-09-25 08:49:40,
2134,41부2679,EXIT,CAM_01,2026-09-25 20:13:40,
2135,532러3547,ENTRY,CAM_01,2026-09-25 08:50:57,
2136,532러3547,EXIT,CAM_01,2026-09-25 19:03:57,
2137,56모9085,ENTRY,CAM_01,2026-09-25 08:54:32,
2138,56모9085,EXIT,CAM_01,2026-09-25 18:45:32,
2139,85수3615,ENTRY,CAM_01,2026-09-25 08:58:58,
2140,85수3615,EXIT,CAM_01,2026-09-25 18:50:58,
2141,40조2290,ENTRY,CAM_01,2026-09-25 09:07:24,
2142,40조2290,EXIT,CAM_01,2026-09-25 19:23:24,
2143,78자8787,ENTRY,CAM_01,2026-09-25 09:12:54,
2144,78자8787,EXIT,CAM_01,2026-09-25 19:11:54,
2145,127커2594,ENTRY,CAM_01,2026-09-25 10:23:22,
2146,127커2594,EXIT,CAM_01,2026-09-25 10:28:22,
2147,338무9177,ENTRY,CAM_01,2026-09-25 11:54:25,
2148,338무9177,EXIT,CAM_01,2026-09-25 11:59:25,
2149,22투2117,ENTRY,CAM_01,2026-09-25 12:31:14,
2150,22투2117,EXIT,CAM_01,2026-09-25 13:23:14,
2151,509도7626,ENTRY,CAM_01,2026-09-25 12:45:49,
2152,509도7626,EXIT,CAM_01,2026-09-25 13:18:49,
2153,96차7468,ENTRY,CAM_01,2026-09-25 13:33:42,
2154,96차7468,EXIT,CAM_01,2026-09-25 14:26:42,
2155,166파6548,ENTRY,CAM_01,2026-09-25 13:37:06,
2156,166파6548,EXIT,CAM_01,2026-09-25 14:45:06,
2157,719차5960,ENTRY,CAM_01,2026-09-25 14:01:11,
2158,719차5960,EXIT,CAM_01,2026-09-25 14:52:11,
2159,670루3689,ENTRY,CAM_01,2026-09-25 14:02:02,
2160,670루3689,EXIT,CAM_01,2026-09-25 15:09:02,
2161,682구9837,ENTRY,CAM_01,2026-09-25 14:08:19,
2162,682구9837,EXIT,CAM_01,2026-09-25 15:08:19,
2163,340초2391,ENTRY,CAM_01,2026-09-25 14:22:26,
2164,340초2391,EXIT,CAM_01,2026-09-25 14:44:26,
2165,46나1739,ENTRY,CAM_01,2026-09-25 14:24:39,
2166,46나1739,EXIT,CAM_01,2026-09-25 14:53:39,
2167,30터5315,ENTRY,CAM_01,2026-09-25 15:30:35,
2168,30터5315,EXIT,CAM_01,2026-09-25 15:37:35,
2169,492서7165,ENTRY,CAM_01,2026-09-25 15:48:02,
2170,492서7165,EXIT,CAM_01,2026-09-25 19:06:02,
2171,911파5809,ENTRY,CAM_01,2026-09-25 16:06:48,
2172,911파5809,EXIT,CAM_01,2026-09-25 18:49:48,
2173,655추9856,ENTRY,CAM_01,2026-09-25 16:31:32,
2174,655추9856,EXIT,CAM_01,2026-09-25 18:32:32,
2175,790누2723,ENTRY,CAM_01,2026-09-25 19:51:30,
2176,790누2723,EXIT,CAM_01,2026-09-25 21:59:30,
2177,886사3001,ENTRY,CAM_01,2026-09-25 20:32:17,
2178,886사3001,EXIT,CAM_01,2026-09-25 21:23:17,
2179,95토5907,ENTRY,CAM_01,2026-09-26 10:43:13,
2180,95토5907,EXIT,CAM_01,2026-09-26 11:21:13,
2181,73투9779,ENTRY,CAM_01,2026-09-26 13:27:12,
2182,73투9779,EXIT,CAM_01,2026-09-26 15:42:12,
2183,812초1364,ENTRY,CAM_01,2026-09-26 16:27:36,
2184,812초1364,EXIT,CAM_01,2026-09-26 16:39:36,
2185,120다8551,ENTRY,CAM_01,2026-09-26 18:07:21,
2186,120다8551,EXIT,CAM_01,2026-09-26 20:33:21,
2187,59추9001,ENTRY,CAM_01,2026-09-26 20:24:36,
2188,59추9001,EXIT,CAM_01,2026-09-26 21:33:36,
