id,plate_text,plate_color,plate_type,confidence,timestamp,camera_id,image_path,frame_number,source_file
1,462퍼8651,WHITE,NEW,0.85,2026-08-30 11:06:42,CAM_01,,1,demo
2,462퍼8651,WHITE,NEW,0.842,2026-08-30 11:50:42,CAM_01,,1,demo
3,348추7669,WHITE,NEW,0.953,2026-08-30 11:08:46,CAM_01,,1,demo
4,348추7669,WHITE,NEW,0.911,2026-08-30 13:34:46,CAM_01,,1,demo
5,371머7930,YELLOW,NEW,0.936,2026-08-30 11:25:57,CAM_01,,1,demo
6,371머7930,YELLOW,NEW,0.901,2026-08-30 13:34:57,CAM_01,,1,demo
7,79루6107,WHITE,NEW,0.852,2026-08-30 11:33:55,CAM_01,,1,demo
8,79루6107,WHITE,NEW,0.899,2026-08-30 11:38:55,CAM_01,,1,demo
9,243타5563,WHITE,NEW,0.881,2026-08-30 12:12:34,CAM_01,,1,demo
10,243타5563,WHITE,NEW,0.853,2026-08-30 12:17:34,CAM_01,,1,demo
11,38루1964,WHITE,NEW,0.957,2026-08-30 12:21:01,CAM_01,,1,demo
12,38루1964,WHITE,NEW,0.886,2026-08-30 12:59:01,CAM_01,,1,demo
13,52러8953,WHITE,NEW,0.926,2026-08-30 12:57:02,CAM_01,,1,demo
14,52러8953,WHITE,NEW,0.846,2026-08-30 13:49:02,CAM_01,,1,demo
15,548아5061,WHITE,NEW,0.848,2026-08-30 13:42:41,CAM_01,,1,demo
16,548아5061,WHITE,NEW,0.888,2026-08-30 13:47:41,CAM_01,,1,demo
17,80호9856,WHITE,NEW,0.904,2026-08-30 14:55:59,CAM_01,,1,demo
18,80호9856,WHITE,NEW,0.965,2026-08-30 17:47:59,CAM_01,,1,demo
19,777차4111,WHITE,NEW,0.898,2026-08-30 16:46:50,CAM_01,,1,demo
20,777차4111,WHITE,NEW,0.819,2026-08-30 18:22:50,CAM_01,,1,demo
21,512추2790,WHITE,NEW,0.926,2026-08-30 18:03:43,CAM_01,,1,demo
22,512추2790,WHITE,NEW,0.953,2026-08-30 18:28:43,CAM_01,,1,demo
23,270로8886,GREENYELLOW,OLD,0.851,2026-08-30 18:05:59,CAM_01,,1,demo
24,270로8886,GREENYELLOW,OLD,0.914,2026-08-30 20:09:59,CAM_01,,1,demo
25,87무8527,WHITE,NEW,0.962,2026-08-31 07:04:34,CAM_01,,1,demo
26,87무8527,WHITE,NEW,0.97,2026-08-31 14:53:34,CAM_01,,1,demo
27,17추6168,GREENYELLOW,OLD,0.938,2026-08-31 07:05:40,CAM_01,,1,demo
28,17추6168,GREENYELLOW,OLD,0.793,2026-08-31 15:20:40,CAM_01,,1,demo
29,77누2876,WHITE,NEW,0.888,2026-08-31 07:22:49,CAM_01,,1,demo
30,77누2876,WHITE,NEW,0.83,2026-08-31 13:51:49,CAM_01,,1,demo
31,78자8787,WHITE,NEW,0.945,2026-08-31 07:24:55,CAM_01,,1,demo
32,78자8787,WHITE,NEW,0.957,2026-08-31 15:23:55,CAM_01,,1,demo
33,85수3615,WHITE,NEW,0.963,2026-08-31 07:26:42,CAM_01,,1,demo
34,85수3615,WHITE,NEW,0.971,2026-08-31 15:11:42,CAM_01,,1,demo
35,91부5506,WHITE,NEW,0.961,2026-08-31 07:37:47,CAM_01,,1,demo
36,91부5506,WHITE,NEW,0.836,2026-08-31 14:32:47,CAM_01,,1,demo
37,20후2654,WHITE,NEW,0.831,2026-08-31 07:42:52,CAM_01,,1,demo
38,20후2654,WHITE,NEW,0.924,2026-08-31 13:45:52,CAM_01,,1,demo
39,14하4811,WHITE,NEW,0.845,2026-08-31 07:54:11,CAM_01,,1,demo
40,14하4811,WHITE,NEW,0.811,2026-08-31 17:44:11,CAM_01,,1,demo
41,227바5803,WHITE,NEW,0.951,2026-08-31 08:08:59,CAM_01,,1,demo
42,227바5803,WHITE,NEW,0.845,2026-08-31 17:08:59,CAM_01,,1,demo
43,733조4150,WHITE,NEW,0.988,2026-08-31 08:10:28,CAM_01,,1,demo
44,733조4150,WHITE,NEW,0.869,2026-08-31 17:57:28,CAM_01,,1,demo
45,165커8668,GREENYELLOW,OLD,0.838,2026-08-31 08:13:43,CAM_01,,1,demo
46,165커8668,GREENYELLOW,OLD,0.837,2026-08-31 17:55:43,CAM_01,,1,demo
47,881사2519,WHITE,NEW,0.95,2026-08-31 08:15:16,CAM_01,,1,demo
48,881사2519,WHITE,NEW,0.838,2026-08-31 16:40:16,CAM_01,,1,demo
49,384포6977,WHITE,NEW,0.922,2026-08-31 08:16:07,CAM_01,,1,demo
50,384포6977,WHITE,NEW,0.789,2026-08-31 16:25:07,CAM_01,,1,demo
51,56모9085,WHITE,NEW,0.949,2026-08-31 08:27:08,CAM_01,,1,demo
52,56모9085,WHITE,NEW,0.792,2026-08-31 19:09:08,CAM_01,,1,demo
53,199푸6635,GREENYELLOW,OLD,0.86,2026-08-31 08:29:20,CAM_01,,1,demo
54,199푸6635,GREENYELLOW,OLD,0.843,2026-08-31 20:59:20,CAM_01,,1,demo
55,58누6313,WHITE,NEW,0.981,2026-08-31 08:32:31,CAM_01,,1,demo
56,58누6313,WHITE,NEW,0.968,2026-08-31 16:52:31,CAM_01,,1,demo
57,28너9830,WHITE,NEW,0.968,2026-08-31 08:34:02,CAM_01,,1,demo
58,28너9830,WHITE,NEW,0.863,2026-08-31 17:59:02,CAM_01,,1,demo
59,818거8359,WHITE,NEW,0.96,2026-08-31 08:37:38,CAM_01,,1,demo
60,818거8359,WHITE,NEW,0.83,2026-08-31 18:11:38,CAM_01,,1,demo
61,78카8573,WHITE,NEW,0.895,2026-08-31 08:38:13,CAM_01,,1,demo
62,78카8573,WHITE,NEW,0.805,2026-08-31 17:45:13,CAM_01,,1,demo
63,61하6155,WHITE,NEW,0.91,2026-08-31 08:40:16,CAM_01,,1,demo
64,61하6155,WHITE,NEW,0.943,2026-08-31 18:33:16,CAM_01,,1,demo
65,208투9317,WHITE,NEW,0.894,2026-08-31 08:51:51,CAM_01,,1,demo
66,208투9317,WHITE,NEW,0.799,2026-08-31 17:03:51,CAM_01,,1,demo
67,87처3646,WHITE,NEW,0.947,2026-08-31 09:01:11,CAM_01,,1,demo
68,87처3646,WHITE,NEW,0.846,2026-08-31 18:14:11,CAM_01,,1,demo
69,41부2679,WHITE,NEW,0.94,2026-08-31 09:32:58,CAM_01,,1,demo
70,41부2679,WHITE,NEW,0.949,2026-08-31 18:12:58,CAM_01,,1,demo
71,771터8517,WHITE,NEW,0.978,2026-08-31 09:35:45,CAM_01,,1,demo
72,771터8517,WHITE,NEW,0.826,2026-08-31 18:43:45,CAM_01,,1,demo
73,897거3881,WHITE,NEW,0.841,2026-08-31 11:44:00,CAM_01,,1,demo
74,897거3881,WHITE,NEW,0.838,2026-08-31 14:32:00,CAM_01,,1,demo
75,70노7790,WHITE,NEW,0.964,2026-08-31 12:12:09,CAM_01,,1,demo
76,70노7790,WHITE,NEW,0.792,2026-08-31 14:11:09,CAM_01,,1,demo
77,721노8238,WHITE,NEW,0.933,2026-08-31 12:13:27,CAM_01,,1,demo
78,721노8238,WHITE,NEW,0.804,2026-08-31 12:50:27,CAM_01,,1,demo
79,52더3925,WHITE,NEW,0.89,2026-08-31 13:32:25,CAM_01,,1,demo
80,52더3925,WHITE,NEW,0.832,2026-08-31 13:57:25,CAM_01,,1,demo
81,31머9445,WHITE,NEW,0.949,2026-08-31 14:13:32,CAM_01,,1,demo
82,31머9445,WHITE,NEW,0.81,2026-08-31 14:18:32,CAM_01,,1,demo
83,145가9518,WHITE,NEW,0.87,2026-08-31 14:32:07,CAM_01,,1,demo
84,145가9518,WHITE,NEW,0.845,2026-08-31 14:47:07,CAM_01,,1,demo
85,710저6139,WHITE,NEW,0.972,2026-08-31 15:16:02,CAM_01,,1,demo
86,710저6139,WHITE,NEW,0.787,2026-08-31 15:21:02,CAM_01,,1,demo
87,99파7888,WHITE,NEW,0.952,2026-08-31 16:20:25,CAM_01,,1,demo
88,99파7888,WHITE,NEW,0.791,2026-08-31 16:33:25,CAM_01,,1,demo
89,408오1006,GREENYELLOW,OLD,0.928,2026-08-31 16:24:43,CAM_01,,1,demo
90,408오1006,GREENYELLOW,OLD,0.833,2026-08-31 17:38:43,CAM_01,,1,demo
91,45우5573,WHITE,NEW,0.921,2026-08-31 16:25:21,CAM_01,,1,demo
92,45우5573,WHITE,NEW,0.927,2026-08-31 16:39:21,CAM_01,,1,demo
93,21누6085,GREENYELLOW,OLD,0.93,2026-08-31 16:39:21,CAM_01,,1,demo
94,21누6085,GREENYELLOW,OLD,0.892,2026-08-31 18:15:21,CAM_01,,1,demo
95,69푸2988,WHITE,NEW,0.884,2026-08-31 17:44:33,CAM_01,,1,demo
96,69푸2988,WHITE,NEW,0.782,2026-08-31 17:49:33,CAM_01,,1,demo
97,49거1387,YELLOW,NEW,0.976,2026-08-31 18:14:12,CAM_01,,1,demo
98,49거1387,YELLOW,NEW,0.973,2026-08-31 19:56:12,CAM_01,,1,demo
99,493터4997,WHITE,NEW,0.978,2026-08-31 18:36:12,CAM_01,,1,demo
100,493터4997,WHITE,NEW,0.939,2026-08-31 19:57:12,CAM_01,,1,demo
101,301허2146,WHITE,NEW,0.963,2026-08-31 19:34:43,CAM_01,,1,demo
102,301허2146,WHITE,NEW,0.814,2026-08-31 21:40:43,CAM_01,,1,demo
103,837모6067,WHITE,NEW,0.86,2026-08-31 19:58:21,CAM_01,,1,demo
104,837모6067,WHITE,NEW,0.951,2026-08-31 20:09:21,CAM_01,,1,demo
105,87무8527,WHITE,NEW,0.95,2026-09-01 07:13:53,CAM_01,,1,demo
106,87무8527,WHITE,NEW,0.838,2026-09-01 13:41:53,CAM_01,,1,demo
107,21후2796,WHITE,NEW,0.948,2026-09-01 07:15:12,CAM_01,,1,demo
108,21후2796,WHITE,NEW,0.883,2026-09-01 17:41:12,CAM_01,,1,demo
109,18우5741,WHITE,NEW,0.976,2026-09-01 07:22:19,CAM_01,,1,demo
110,18우5741,WHITE,NEW,0.85,2026-09-01 16:45:19,CAM_01,,1,demo
111,864초7543,WHITE,NEW,0.975,2026-09-01 07:47:34,CAM_01,,1,demo
112,864초7543,WHITE,NEW,0.801,2026-09-01 20:36:34,CAM_01,,1,demo
113,56모9085,WHITE,NEW,0.85,2026-09-01 07:49:41,CAM_01,,1,demo
114,56모9085,WHITE,NEW,0.794,2026-09-01 18:20:41,CAM_01,,1,demo
115,77누2876,WHITE,NEW,0.939,2026-09-01 07:49:52,CAM_01,,1,demo
116,77누2876,WHITE,NEW,0.895,2026-09-01 18:35:52,CAM_01,,1,demo
117,208투9317,WHITE,NEW,0.932,2026-09-01 07:50:36,CAM_01,,1,demo
118,208투9317,WHITE,NEW,0.94,2026-09-01 14:16:36,CAM_01,,1,demo
119,227바5803,WHITE,NEW,0.835,2026-09-01 07:54:56,CAM_01,,1,demo
120,227바5803,WHITE,NEW,0.873,2026-09-01 18:47:56,CAM_01,,1,demo
121,649우6573,WHITE,NEW,0.801,2026-09-01 08:06:37,CAM_01,,1,demo
122,649우6573,WHITE,NEW,0.822,2026-09-01 18:42:37,CAM_01,,1,demo
123,839모3927,WHITE,NEW,0.909,2026-09-01 08:06:44,CAM_01,,1,demo
124,839모3927,WHITE,NEW,0.803,2026-09-01 17:50:44,CAM_01,,1,demo
125,771터8517,WHITE,NEW,0.936,2026-09-01 08:13:29,CAM_01,,1,demo
126,771터8517,WHITE,NEW,0.941,2026-09-01 16:22:29,CAM_01,,1,demo
127,881사2519,WHITE,NEW,0.825,2026-09-01 08:14:24,CAM_01,,1,demo
128,881사2519,WHITE,NEW,0.905,2026-09-01 16:45:24,CAM_01,,1,demo
129,85수3615,WHITE,NEW,0.978,2026-09-01 08:17:28,CAM_01,,1,demo
130,85수3615,WHITE,NEW,0.875,2026-09-01 18:42:28,CAM_01,,1,demo
131,165커8668,GREENYELLOW,OLD,0.825,2026-09-01 08:29:44,CAM_01,,1,demo
132,165커8668,GREENYELLOW,OLD,0.816,2026-09-01 17:45:44,CAM_01,,1,demo
133,384포6977,WHITE,NEW,0.862,2026-09-01 08:31:14,CAM_01,,1,demo
134,384포6977,WHITE,NEW,0.839,2026-09-01 14:54:14,CAM_01,,1,demo
135,849쿠2133,WHITE,NEW,0.87,2026-09-01 08:39:51,CAM_01,,1,demo
136,849쿠2133,WHITE,NEW,0.863,2026-09-01 15:54:51,CAM_01,,1,demo
137,40조2290,WHITE,NEW,0.959,2026-09-01 08:40:57,CAM_01,,1,demo
138,40조2290,WHITE,NEW,0.9,2026-09-01 19:06:57,CAM_01,,1,demo
139,74오4257,WHITE,NEW,0.804,2026-09-01 08:47:55,CAM_01,,1,demo
140,74오4257,WHITE,NEW,0.897,2026-09-01 16:58:55,CAM_01,,1,demo
141,818거8359,WHITE,NEW,0.843,2026-09-01 08:49:49,CAM_01,,1,demo
142,818거8359,WHITE,NEW,0.799,2026-09-01 18:20:49,CAM_01,,1,demo
143,99코3803,WHITE,NEW,0.85,2026-09-01 08:53:29,CAM_01,,1,demo
144,99코3803,WHITE,NEW,0.959,2026-09-01 20:09:29,CAM_01,,1,demo
145,532러3547,WHITE,NEW,0.917,2026-09-01 08:57:34,CAM_01,,1,demo
146,532러3547,WHITE,NEW,0.906,2026-09-01 18:51:34,CAM_01,,1,demo
147,479하5374,WHITE,NEW,0.982,2026-09-01 09:01:24,CAM_01,,1,demo
148,479하5374,WHITE,NEW,0.816,2026-09-01 17:11:24,CAM_01,,1,demo
149,61하6155,WHITE,NEW,0.803,2026-09-01 09:11:03,CAM_01,,1,demo
150,61하6155,WHITE,NEW,0.89,2026-09-01 17:58:03,CAM_01,,1,demo
151,28너9830,WHITE,NEW,0.976,2026-09-01 09:16:53,CAM_01,,1,demo
152,28너9830,WHITE,NEW,0.954,2026-09-01 20:50:53,CAM_01,,1,demo
153,199푸6635,WHITE,NEW,0.843,2026-09-01 09:21:34,CAM_01,,1,demo
154,199푸6635,WHITE,NEW,0.823,2026-09-01 16:28:34,CAM_01,,1,demo
155,400카8433,GREENYELLOW,OLD,0.955,2026-09-01 09:25:45,CAM_01,,1,demo
156,400카8433,GREENYELLOW,OLD,0.836,2026-09-01 18:57:45,CAM_01,,1,demo
157,17추6168,WHITE,NEW,0.873,2026-09-01 09:37:36,CAM_01,,1,demo
158,17추6168,WHITE,NEW,0.871,2026-09-01 18:37:36,CAM_01,,1,demo
159,29주7916,WHITE,NEW,0.841,2026-09-01 09:42:07,CAM_01,,1,demo
160,29주7916,WHITE,NEW,0.953,2026-09-01 17:15:07,CAM_01,,1,demo
161,79코6310,WHITE,NEW,0.836,2026-09-01 09:42:23,CAM_01,,1,demo
162,79코6310,WHITE,NEW,0.818,2026-09-01 20:59:23,CAM_01,,1,demo
163,91부5506,WHITE,NEW,0.805,2026-09-01 09:42:33,CAM_01,,1,demo
164,91부5506,WHITE,NEW,0.985,2026-09-01 21:02:33,CAM_01,,1,demo
165,72처6038,WHITE,NEW,0.886,2026-09-01 09:52:31,CAM_01,,1,demo
166,72처6038,WHITE,NEW,0.832,2026-09-01 20:06:31,CAM_01,,1,demo
167,14하4811,WHITE,NEW,0.923,2026-09-01 09:53:58,CAM_01,,1,demo
168,14하4811,WHITE,NEW,0.798,2026-09-01 19:03:58,CAM_01,,1,demo
169,53더8827,WHITE,NEW,0.966,2026-09-01 10:00:36,CAM_01,,1,demo
170,53더8827,WHITE,NEW,0.985,2026-09-01 11:00:36,CAM_01,,1,demo
171,80포9042,WHITE,NEW,0.84,2026-09-01 10:02:03,CAM_01,,1,demo
172,80포9042,WHITE,NEW,0.861,2026-09-01 11:57:03,CAM_01,,1,demo
173,72차3444,WHITE,NEW,0.913,2026-09-01 10:04:25,CAM_01,,1,demo
174,72차3444,WHITE,NEW,0.795,2026-09-01 12:25:25,CAM_01,,1,demo
175,395아8679,WHITE,NEW,0.81,2026-09-01 10:10:50,CAM_01,,1,demo
176,395아8679,WHITE,NEW,0.976,2026-09-01 10:49:50,CAM_01,,1,demo
177,518두8699,WHITE,NEW,0.867,2026-09-01 11:04:10,CAM_01,,1,demo
178,518두8699,WHITE,NEW,0.907,2026-09-01 12:05:10,CAM_01,,1,demo
179,548아1472,WHITE,NEW,0.952,2026-09-01 11:35:08,CAM_01,,1,demo
180,548아1472,WHITE,NEW,0.929,2026-09-01 12:40:08,CAM_01,,1,demo
181,61구9889,WHITE,NEW,0.801,2026-09-01 12:07:49,CAM_01,,1,demo
182,61구9889,WHITE,NEW,0.886,2026-09-01 12:44:49,CAM_01,,1,demo
183,68더4241,WHITE,NEW,0.986,2026-09-01 12:14:18,CAM_01,,1,demo
184,68더4241,WHITE,NEW,0.921,2026-09-01 13:04:18,CAM_01,,1,demo
185,784어1470,WHITE,NEW,0.97,2026-09-01 12:29:36,CAM_01,,1,demo
186,784어1470,WHITE,NEW,0.789,2026-09-01 13:14:36,CAM_01,,1,demo
187,666허6419,WHITE,NEW,0.832,2026-09-01 12:37:23,CAM_01,,1,demo
188,666허6419,WHITE,NEW,0.883,2026-09-01 13:58:23,CAM_01,,1,demo
189,95어7744,WHITE,NEW,0.889,2026-09-01 13:21:20,CAM_01,,1,demo
190,95어7744,WHITE,NEW,0.799,2026-09-01 14:16:20,CAM_01,,1,demo
191,34부9779,WHITE,NEW,0.882,2026-09-01 13:29:17,CAM_01,,1,demo
192,34부9779,WHITE,NEW,0.835,2026-09-01 14:28:17,CAM_01,,1,demo
193,980버1986,WHITE,NEW,0.986,2026-09-01 13:58:28,CAM_01,,1,demo
194,980버1986,WHITE,NEW,0.885,2026-09-01 15:11:28,CAM_01,,1,demo
195,740수1845,YELLOW,NEW,0.853,2026-09-01 14:03:12,CAM_01,,1,demo
196,740수1845,YELLOW,NEW,0.856,2026-09-01 14:08:12,CAM_01,,1,demo
197,448코5526,WHITE,NEW,0.972,2026-09-01 14:20:11,CAM_01,,1,demo
198,448코5526,WHITE,NEW,0.835,2026-09-01 14:38:11,CAM_01,,1,demo
199,252쿠3330,WHITE,NEW,0.976,2026-09-01 14:34:14,CAM_01,,1,demo
200,252쿠3330,WHITE,NEW,0.889,2026-09-01 14:39:14,CAM_01,,1,demo
201,546바8700,WHITE,NEW,0.831,2026-09-01 14:41:28,CAM_01,,1,demo
202,546바8700,WHITE,NEW,0.935,2026-09-01 16:28:28,CAM_01,,1,demo
203,41러8385,WHITE,NEW,0.981,2026-09-01 14:52:46,CAM_01,,1,demo
204,41러8385,WHITE,NEW,0.897,2026-09-01 15:22:46,CAM_01,,1,demo
205,32루9751,GREENYELLOW,OLD,0.921,2026-09-01 15:06:53,CAM_01,,1,demo
206,32루9751,GREENYELLOW,OLD,0.872,2026-09-01 16:35:53,CAM_01,,1,demo
207,347로4937,WHITE,NEW,0.81,2026-09-01 15:33:12,CAM_01,,1,demo
208,347로4937,WHITE,NEW,0.818,2026-09-01 16:52:12,CAM_01,,1,demo
209,13누1339,WHITE,NEW,0.831,2026-09-01 15:56:27,CAM_01,,1,demo
210,13누1339,WHITE,NEW,0.878,2026-09-01 17:03:27,CAM_01,,1,demo
211,137바6153,WHITE,NEW,0.97,2026-09-01 16:18:42,CAM_01,,1,demo
212,137바6153,WHITE,NEW,0.884,2026-09-01 19:16:42,CAM_01,,1,demo
213,21터4986,WHITE,NEW,0.988,2026-09-01 16:41:45,CAM_01,,1,demo
214,21터4986,WHITE,NEW,0.898,2026-09-01 16:46:45,CAM_01,,1,demo
215,612고2317,WHITE,NEW,0.821,2026-09-01 16:44:25,CAM_01,,1,demo
216,612고2317,WHITE,NEW,0.931,2026-09-01 19:32:25,CAM_01,,1,demo
217,37카4929,WHITE,NEW,0.866,2026-09-01 16:47:06,CAM_01,,1,demo
218,37카4929,WHITE,NEW,0.823,2026-09-01 18:40:06,CAM_01,,1,demo
219,63우9561,WHITE,NEW,0.959,2026-09-01 18:19:05,CAM_01,,1,demo
220,63우9561,WHITE,NEW,0.937,2026-09-01 20:04:05,CAM_01,,1,demo
221,321러9595,WHITE,NEW,0.907,2026-09-01 19:44:11,CAM_01,,1,demo
222,321러9595,WHITE,NEW,0.919,2026-09-01 21:39:11,CAM_01,,1,demo
223,114바4681,WHITE,NEW,0.99,2026-09-01 20:38:51,CAM_01,,1,demo
224,114바4681,WHITE,NEW,0.781,2026-09-01 21:55:51,CAM_01,,1,demo
225,44수3870,WHITE,NEW,0.834,2026-09-01 20:43:52,CAM_01,,1,demo
226,44수3870,WHITE,NEW,0.973,2026-09-01 20:48:52,CAM_01,,1,demo
227,69로5781,WHITE,NEW,0.895,2026-09-01 20:58:07,CAM_01,,1,demo
228,69로5781,WHITE,NEW,0.8,2026-09-01 22:48:07,CAM_01,,1,demo
229,56모9085,WHITE,NEW,0.854,2026-09-02 07:02:20,CAM_01,,1,demo
230,56모9085,WHITE,NEW,0.986,2026-09-02 16:43:20,CAM_01,,1,demo
231,61하6155,WHITE,NEW,0.871,2026-09-02 07:15:40,CAM_01,,1,demo
232,61하6155,WHITE,NEW,0.975,2026-09-02 15:27:40,CAM_01,,1,demo
233,864초7543,WHITE,NEW,0.861,2026-09-02 07:28:10,CAM_01,,1,demo
234,864초7543,WHITE,NEW,0.786,2026-09-02 19:02:10,CAM_01,,1,demo
235,400카8433,WHITE,NEW,0.934,2026-09-02 08:04:28,CAM_01,,1,demo
236,400카8433,WHITE,NEW,0.881,2026-09-02 21:04:28,CAM_01,,1,demo
237,384포6977,WHITE,NEW,0.851,2026-09-02 08:04:30,CAM_01,,1,demo
238,384포6977,WHITE,NEW,0.918,2026-09-02 17:37:30,CAM_01,,1,demo
239,29주7916,WHITE,NEW,0.808,2026-09-02 08:10:11,CAM_01,,1,demo
240,29주7916,WHITE,NEW,0.911,2026-09-02 20:10:11,CAM_01,,1,demo
241,208투9317,WHITE,NEW,0.98,2026-09-02 08:12:24,CAM_01,,1,demo
242,208투9317,WHITE,NEW,0.99,2026-09-02 17:57:24,CAM_01,,1,demo
243,771터8517,GREENYELLOW,OLD,0.951,2026-09-02 08:14:47,CAM_01,,1,demo
244,771터8517,GREENYELLOW,OLD,0.807,2026-09-02 21:04:47,CAM_01,,1,demo
245,21후2796,GREENYELLOW,OLD,0.952,2026-09-02 08:15:33,CAM_01,,1,demo
246,21후2796,GREENYELLOW,OLD,0.839,2026-09-02 16:23:33,CAM_01,,1,demo
247,41부2679,WHITE,NEW,0.941,2026-09-02 08:24:12,CAM_01,,1,demo
248,41부2679,WHITE,NEW,0.895,2026-09-02 17:55:12,CAM_01,,1,demo
249,91부5506,WHITE,NEW,0.818,2026-09-02 08:26:53,CAM_01,,1,demo
250,91부5506,WHITE,NEW,0.834,2026-09-02 16:04:53,CAM_01,,1,demo
251,77누2876,WHITE,NEW,0.946,2026-09-02 08:29:40,CAM_01,,1,demo
252,77누2876,WHITE,NEW,0.864,2026-09-02 17:47:40,CAM_01,,1,demo
253,733조4150,WHITE,NEW,0.84,2026-09-02 08:31:02,CAM_01,,1,demo
254,733조4150,WHITE,NEW,0.862,2026-09-02 16:28:02,CAM_01,,1,demo
255,165커8668,WHITE,NEW,0.923,2026-09-02 08:31:58,CAM_01,,1,demo
256,165커8668,WHITE,NEW,0.98,2026-09-02 19:17:58,CAM_01,,1,demo
257,368쿠7086,WHITE,NEW,0.857,2026-09-02 08:34:07,CAM_01,,1,demo
258,368쿠7086,WHITE,NEW,0.948,2026-09-02 08:39:07,CAM_01,,1,demo
259,87처3646,WHITE,NEW,0.975,2026-09-02 08:36:18,CAM_01,,1,demo
260,87처3646,WHITE,NEW,0.97,2026-09-02 17:21:18,CAM_01,,1,demo
261,17추6168,WHITE,NEW,0.868,2026-09-02 08:40:45,CAM_01,,1,demo
262,17추6168,WHITE,NEW,0.8,2026-09-02 19:19:45,CAM_01,,1,demo
263,74오4257,WHITE,NEW,0.838,2026-09-02 08:52:00,CAM_01,,1,demo
264,74오4257,WHITE,NEW,0.874,2026-09-02 20:48:00,CAM_01,,1,demo
265,818거8359,WHITE,NEW,0.851,2026-09-02 08:53:37,CAM_01,,1,demo
266,818거8359,WHITE,NEW,0.906,2026-09-02 16:17:37,CAM_01,,1,demo
267,14하4811,WHITE,NEW,0.88,2026-09-02 08:55:04,CAM_01,,1,demo
268,14하4811,WHITE,NEW,0.857,2026-09-02 17:48:04,CAM_01,,1,demo
269,18우5741,WHITE,NEW,0.92,2026-09-02 08:55:06,CAM_01,,1,demo
270,18우5741,WHITE,NEW,0.8,2026-09-02 19:23:06,CAM_01,,1,demo
271,20후2654,WHITE,NEW,0.985,2026-09-02 09:00:46,CAM_01,,1,demo
272,20후2654,WHITE,NEW,0.922,2026-09-02 17:11:46,CAM_01,,1,demo
273,199푸6635,WHITE,NEW,0.936,2026-09-02 09:14:54,CAM_01,,1,demo
274,199푸6635,WHITE,NEW,0.975,2026-09-02 19:26:54,CAM_01,,1,demo
275,72처6038,WHITE,NEW,0.923,2026-09-02 09:17:00,CAM_01,,1,demo
276,72처6038,WHITE,NEW,0.798,2026-09-02 16:31:00,CAM_01,,1,demo
277,36초4538,WHITE,NEW,0.815,2026-09-02 09:21:15,CAM_01,,1,demo
278,36초4538,WHITE,NEW,0.948,2026-09-02 12:21:15,CAM_01,,1,demo
279,532러3547,WHITE,NEW,0.987,2026-09-02 09:22:21,CAM_01,,1,demo
280,532러3547,WHITE,NEW,0.924,2026-09-02 17:38:21,CAM_01,,1,demo
281,881사2519,WHITE,NEW,0.847,2026-09-02 09:29:59,CAM_01,,1,demo
282,881사2519,WHITE,NEW,0.87,2026-09-02 18:23:59,CAM_01,,1,demo
283,829마2323,WHITE,NEW,0.905,2026-09-02 09:30:54,CAM_01,,1,demo
284,829마2323,WHITE,NEW,0.973,2026-09-02 09:35:54,CAM_01,,1,demo
285,479하5374,WHITE,NEW,0.897,2026-09-02 09:41:05,CAM_01,,1,demo
286,479하5374,WHITE,NEW,0.867,2026-09-02 17:51:05,CAM_01,,1,demo
287,839모3927,WHITE,NEW,0.937,2026-09-02 09:44:16,CAM_01,,1,demo
288,839모3927,WHITE,NEW,0.951,2026-09-02 17:33:16,CAM_01,,1,demo
289,227바5803,WHITE,NEW,0.911,2026-09-02 09:45:58,CAM_01,,1,demo
290,227바5803,WHITE,NEW,0.941,2026-09-02 19:38:58,CAM_01,,1,demo
291,849쿠2133,WHITE,NEW,0.941,2026-09-02 09:53:57,CAM_01,,1,demo
292,849쿠2133,WHITE,NEW,0.877,2026-09-02 18:17:57,CAM_01,,1,demo
293,649우6573,WHITE,NEW,0.96,2026-09-02 09:57:18,CAM_01,,1,demo
294,649우6573,WHITE,NEW,0.79,2026-09-02 20:26:18,CAM_01,,1,demo
295,734토4626,WHITE,NEW,0.934,2026-09-02 10:14:30,CAM_01,,1,demo
296,734토4626,WHITE,NEW,0.846,2026-09-02 11:54:30,CAM_01,,1,demo
297,68호1349,WHITE,NEW,0.944,2026-09-02 12:07:54,CAM_01,,1,demo
298,68호1349,WHITE,NEW,0.874,2026-09-02 15:30:54,CAM_01,,1,demo
299,633노1510,WHITE,NEW,0.865,2026-09-02 12:39:02,CAM_01,,1,demo
300,633노1510,WHITE,NEW,0.973,2026-09-02 14:09:02,CAM_01,,1,demo
301,381커9692,WHITE,NEW,0.84,2026-09-02 13:09:04,CAM_01,,1,demo
302,381커9692,WHITE,NEW,0.796,2026-09-02 15:16:04,CAM_01,,1,demo
303,79퍼2622,YELLOW,NEW,0.849,2026-09-02 13:23:42,CAM_01,,1,demo
304,79퍼2622,YELLOW,NEW,0.921,2026-09-02 16:06:42,CAM_01,,1,demo
305,657라7523,WHITE,NEW,0.803,2026-09-02 14:15:54,CAM_01,,1,demo
306,657라7523,WHITE,NEW,0.863,2026-09-02 14:20:54,CAM_01,,1,demo
307,43부7897,WHITE,NEW,0.925,2026-09-02 15:01:11,CAM_01,,1,demo
308,43부7897,WHITE,NEW,0.877,2026-09-02 15:48:11,CAM_01,,1,demo
309,75고9254,WHITE,NEW,0.925,2026-09-02 15:47:04,CAM_01,,1,demo
310,75고9254,WHITE,NEW,0.936,2026-09-02 15:52:04,CAM_01,,1,demo
311,96포2591,WHITE,NEW,0.858,2026-09-02 16:22:14,CAM_01,,1,demo
312,96포2591,WHITE,NEW,0.951,2026-09-02 16:42:14,CAM_01,,1,demo
313,93자1742,WHITE,NEW,0.931,2026-09-02 16:40:52,CAM_01,,1,demo
314,93자1742,WHITE,NEW,0.982,2026-09-02 16:45:52,CAM_01,,1,demo
315,32주9837,WHITE,NEW,0.953,2026-09-02 17:05:58,CAM_01,,1,demo
316,32주9837,WHITE,NEW,0.798,2026-09-02 17:52:58,CAM_01,,1,demo
317,28러3370,WHITE,NEW,0.836,2026-09-02 18:14:21,CAM_01,,1,demo
318,28러3370,WHITE,NEW,0.951,2026-09-02 19:21:21,CAM_01,,1,demo
319,74더8894,WHITE,NEW,0.836,2026-09-02 18:23:33,CAM_01,,1,demo
320,74더8894,WHITE,NEW,0.786,2026-09-02 21:13:33,CAM_01,,1,demo
321,133하8264,WHITE,NEW,0.828,2026-09-02 18:39:26,CAM_01,,1,demo
322,133하8264,WHITE,NEW,0.831,2026-09-02 19:25:26,CAM_01,,1,demo
323,966바7464,WHITE,NEW,0.963,2026-09-02 18:46:43,CAM_01,,1,demo
324,966바7464,WHITE,NEW,0.893,2026-09-02 18:51:43,CAM_01,,1,demo
325,24소3222,WHITE,NEW,0.946,2026-09-02 19:19:31,CAM_01,,1,demo
326,24소3222,WHITE,NEW,0.811,2026-09-02 20:54:31,CAM_01,,1,demo
327,907다6977,WHITE,NEW,0.822,2026-09-02 19:41:02,CAM_01,,1,demo
328,907다6977,WHITE,NEW,0.97,2026-09-02 19:52:02,CAM_01,,1,demo
329,69수4696,WHITE,NEW,0.885,2026-09-02 20:18:47,CAM_01,,1,demo
330,69수4696,WHITE,NEW,0.882,2026-09-02 22:47:47,CAM_01,,1,demo
331,13저4898,WHITE,NEW,0.885,2026-09-02 20:34:16,CAM_01,,1,demo
332,13저4898,WHITE,NEW,0.831,2026-09-02 21:57:16,CAM_01,,1,demo
333,165커8668,WHITE,NEW,0.958,2026-09-03 07:00:13,CAM_01,,1,demo
334,165커8668,WHITE,NEW,0.862,2026-09-03 16:00:13,CAM_01,,1,demo
335,199푸6635,WHITE,NEW,0.82,2026-09-03 07:18:38,CAM_01,,1,demo
336,199푸6635,WHITE,NEW,0.958,2026-09-03 18:15:38,CAM_01,,1,demo
337,21후2796,WHITE,NEW,0.879,2026-09-03 07:22:27,CAM_01,,1,demo
338,21후2796,WHITE,NEW,0.884,2026-09-03 18:25:27,CAM_01,,1,demo
339,227바5803,WHITE,NEW,0.939,2026-09-03 07:22:54,CAM_01,,1,demo
340,227바5803,WHITE,NEW,0.99,2026-09-03 18:50:54,CAM_01,,1,demo
341,79코6310,WHITE,NEW,0.876,2026-09-03 07:25:01,CAM_01,,1,demo
342,79코6310,WHITE,NEW,0.888,2026-09-03 17:39:01,CAM_01,,1,demo
343,208투9317,WHITE,NEW,0.978,2026-09-03 07:29:58,CAM_01,,1,demo
344,208투9317,WHITE,NEW,0.97,2026-09-03 17:57:58,CAM_01,,1,demo
345,87무8527,GREENYELLOW,OLD,0.844,2026-09-03 07:36:32,CAM_01,,1,demo
346,87무8527,GREENYELLOW,OLD,0.793,2026-09-03 17:26:32,CAM_01,,1,demo
347,479하5374,WHITE,NEW,0.91,2026-09-03 07:38:59,CAM_01,,1,demo
348,479하5374,WHITE,NEW,0.896,2026-09-03 15:44:59,CAM_01,,1,demo
349,864초7543,WHITE,NEW,0.923,2026-09-03 07:43:05,CAM_01,,1,demo
350,864초7543,WHITE,NEW,0.967,2026-09-03 16:44:05,CAM_01,,1,demo
351,733조4150,WHITE,NEW,0.918,2026-09-03 07:48:17,CAM_01,,1,demo
352,733조4150,WHITE,NEW,0.916,2026-09-03 14:42:17,CAM_01,,1,demo
353,28너9830,WHITE,NEW,0.883,2026-09-03 07:56:03,CAM_01,,1,demo
354,28너9830,WHITE,NEW,0.814,2026-09-03 14:42:03,CAM_01,,1,demo
355,99코3803,WHITE,NEW,0.889,2026-09-03 08:01:11,CAM_01,,1,demo
356,99코3803,WHITE,NEW,0.872,2026-09-03 16:58:11,CAM_01,,1,demo
357,29주7916,WHITE,NEW,0.912,2026-09-03 08:02:14,CAM_01,,1,demo
358,29주7916,WHITE,NEW,0.924,2026-09-03 18:48:14,CAM_01,,1,demo
359,400카8433,GREENYELLOW,OLD,0.962,2026-09-03 08:04:25,CAM_01,,1,demo
360,400카8433,GREENYELLOW,OLD,0.93,2026-09-03 18:42:25,CAM_01,,1,demo
361,40조2290,WHITE,NEW,0.968,2026-09-03 08:05:27,CAM_01,,1,demo
362,40조2290,WHITE,NEW,0.932,2026-09-03 17:13:27,CAM_01,,1,demo
363,77누2876,WHITE,NEW,0.879,2026-09-03 08:18:20,CAM_01,,1,demo
364,77누2876,WHITE,NEW,0.978,2026-09-03 18:36:20,CAM_01,,1,demo
365,74오4257,WHITE,NEW,0.868,2026-09-03 08:23:09,CAM_01,,1,demo
366,74오4257,WHITE,NEW,0.879,2026-09-03 16:25:09,CAM_01,,1,demo
367,771터8517,YELLOW,NEW,0.831,2026-09-03 08:23:19,CAM_01,,1,demo
368,771터8517,YELLOW,NEW,0.824,2026-09-03 17:15:19,CAM_01,,1,demo
369,61하6155,WHITE,NEW,0.816,2026-09-03 08:24:26,CAM_01,,1,demo
370,61하6155,WHITE,NEW,0.881,2026-09-03 13:43:26,CAM_01,,1,demo
371,41부2679,WHITE,NEW,0.83,2026-09-03 08:27:28,CAM_01,,1,demo
372,41부2679,WHITE,NEW,0.883,2026-09-03 14:58:28,CAM_01,,1,demo
373,532러3547,WHITE,NEW,0.979,2026-09-03 08:42:07,CAM_01,,1,demo
374,532러3547,WHITE,NEW,0.884,2026-09-03 15:26:07,CAM_01,,1,demo
375,85수3615,WHITE,NEW,0.906,2026-09-03 08:51:08,CAM_01,,1,demo
376,85수3615,WHITE,NEW,0.99,2026-09-03 17:36:08,CAM_01,,1,demo
377,58누6313,WHITE,NEW,0.85,2026-09-03 08:55:09,CAM_01,,1,demo
378,58누6313,WHITE,NEW,0.922,2026-09-03 20:45:09,CAM_01,,1,demo
379,818거8359,WHITE,NEW,0.963,2026-09-03 09:04:05,CAM_01,,1,demo
380,818거8359,WHITE,NEW,0.886,2026-09-03 18:43:05,CAM_01,,1,demo
381,17추6168,WHITE,NEW,0.864,2026-09-03 09:04:09,CAM_01,,1,demo
382,17추6168,WHITE,NEW,0.804,2026-09-03 18:10:09,CAM_01,,1,demo
383,94어2335,WHITE,NEW,0.907,2026-09-03 09:06:35,CAM_01,,1,demo
384,94어2335,WHITE,NEW,0.882,2026-09-03 09:59:35,CAM_01,,1,demo
385,91부5506,YELLOW,NEW,0.949,2026-09-03 09:06:50,CAM_01,,1,demo
386,91부5506,YELLOW,NEW,0.942,2026-09-03 17:33:50,CAM_01,,1,demo
387,14하4811,WHITE,NEW,0.906,2026-09-03 09:25:26,CAM_01,,1,demo
388,14하4811,WHITE,NEW,0.968,2026-09-03 18:35:26,CAM_01,,1,demo
389,56모9085,GREENYELLOW,OLD,0.966,2026-09-03 09:26:17,CAM_01,,1,demo
390,56모9085,GREENYELLOW,OLD,0.907,2026-09-03 20:57:17,CAM_01,,1,demo
391,76머2374,WHITE,NEW,0.81,2026-09-03 09:30:55,CAM_01,,1,demo
392,76머2374,WHITE,NEW,0.979,2026-09-03 09:35:55,CAM_01,,1,demo
393,78자8787,WHITE,NEW,0.983,2026-09-03 09:33:05,CAM_01,,1,demo
394,78자8787,WHITE,NEW,0.939,2026-09-03 17:51:05,CAM_01,,1,demo
395,262처5634,YELLOW,NEW,0.949,2026-09-03 09:45:28,CAM_01,,1,demo
396,262처5634,YELLOW,NEW,0.908,2026-09-03 12:12:28,CAM_01,,1,demo
397,87처3646,GREENYELLOW,OLD,0.819,2026-09-03 09:45:40,CAM_01,,1,demo
398,87처3646,GREENYELLOW,OLD,0.898,2026-09-03 19:41:40,CAM_01,,1,demo
399,649우6573,WHITE,NEW,0.832,2026-09-03 09:47:27,CAM_01,,1,demo
400,649우6573,WHITE,NEW,0.805,2026-09-03 19:46:27,CAM_01,,1,demo
401,729노1672,WHITE,NEW,0.869,2026-09-03 10:55:54,CAM_01,,1,demo
402,729노1672,WHITE,NEW,0.933,2026-09-03 12:40:54,CAM_01,,1,demo
403,53모3827,WHITE,NEW,0.945,2026-09-03 10:57:53,CAM_01,,1,demo
404,53모3827,WHITE,NEW,0.885,2026-09-03 11:28:53,CAM_01,,1,demo
405,746주5500,GREENYELLOW,OLD,0.829,2026-09-03 11:04:30,CAM_01,,1,demo
406,746주5500,GREENYELLOW,OLD,0.856,2026-09-03 11:35:30,CAM_01,,1,demo
407,22구6517,WHITE,NEW,0.823,2026-09-03 11:08:09,CAM_01,,1,demo
408,22구6517,WHITE,NEW,0.822,2026-09-03 14:05:09,CAM_01,,1,demo
409,87타9095,YELLOW,NEW,0.946,2026-09-03 11:12:11,CAM_01,,1,demo
410,87타9095,YELLOW,NEW,0.781,2026-09-03 14:28:11,CAM_01,,1,demo
411,92너2684,WHITE,NEW,0.89,2026-09-03 11:49:22,CAM_01,,1,demo
412,92너2684,WHITE,NEW,0.84,2026-09-03 11:54:22,CAM_01,,1,demo
413,95호7937,WHITE,NEW,0.851,2026-09-03 12:24:41,CAM_01,,1,demo
414,95호7937,WHITE,NEW,0.93,2026-09-03 14:07:41,CAM_01,,1,demo
415,19보9355,WHITE,NEW,0.92,2026-09-03 12:49:10,CAM_01,,1,demo
416,19보9355,WHITE,NEW,0.832,2026-09-03 14:35:10,CAM_01,,1,demo
417,96주6482,WHITE,NEW,0.901,2026-09-03 13:49:21,CAM_01,,1,demo
418,96주6482,WHITE,NEW,0.945,2026-09-03 14:59:21,CAM_01,,1,demo
419,49어8967,WHITE,NEW,0.881,2026-09-03 14:01:23,CAM_01,,1,demo
420,49어8967,WHITE,NEW,0.973,2026-09-03 14:06:23,CAM_01,,1,demo
421,35후5096,GREENYELLOW,OLD,0.981,2026-09-03 14:26:10,CAM_01,,1,demo
422,35후5096,GREENYELLOW,OLD,0.888,2026-09-03 14:31:10,CAM_01,,1,demo
423,758후6179,WHITE,NEW,0.979,2026-09-03 14:36:48,CAM_01,,1,demo
424,758후6179,WHITE,NEW,0.873,2026-09-03 14:41:48,CAM_01,,1,demo
425,70라8381,WHITE,NEW,0.936,2026-09-03 14:51:36,CAM_01,,1,demo
426,70라8381,WHITE,NEW,0.889,2026-09-03 15:35:36,CAM_01,,1,demo
427,417자2388,WHITE,NEW,0.864,2026-09-03 15:09:58,CAM_01,,1,demo
428,417자2388,WHITE,NEW,0.864,2026-09-03 15:39:58,CAM_01,,1,demo
429,158투5703,WHITE,NEW,0.882,2026-09-03 15:22:32,CAM_01,,1,demo
430,158투5703,WHITE,NEW,0.863,2026-09-03 17:36:32,CAM_01,,1,demo
431,250바4637,WHITE,NEW,0.975,2026-09-03 17:17:28,CAM_01,,1,demo
432,250바4637,WHITE,NEW,0.812,2026-09-03 20:13:28,CAM_01,,1,demo
433,86카3962,WHITE,NEW,0.986,2026-09-03 18:39:08,CAM_01,,1,demo
434,86카3962,WHITE,NEW,0.986,2026-09-03 20:47:08,CAM_01,,1,demo
435,144처4891,WHITE,NEW,0.966,2026-09-03 18:49:39,CAM_01,,1,demo
436,144처4891,WHITE,NEW,0.984,2026-09-03 20:17:39,CAM_01,,1,demo
437,614너7326,WHITE,NEW,0.968,2026-09-03 18:56:22,CAM_01,,1,demo
438,614너7326,WHITE,NEW,0.927,2026-09-03 21:07:22,CAM_01,,1,demo
439,572우7256,GREENYELLOW,OLD,0.937,2026-09-03 19:12:23,CAM_01,,1,demo
440,572우7256,GREENYELLOW,OLD,0.846,2026-09-03 19:53:23,CAM_01,,1,demo
441,13투6493,WHITE,NEW,0.957,2026-09-03 20:23:14,CAM_01,,1,demo
442,13투6493,WHITE,NEW,0.969,2026-09-03 21:11:14,CAM_01,,1,demo
443,67버8684,WHITE,NEW,0.828,2026-09-03 20:39:18,CAM_01,,1,demo
444,67버8684,WHITE,NEW,0.865,2026-09-03 21:20:18,CAM_01,,1,demo
445,85수3615,WHITE,NEW,0.969,2026-09-04 07:03:15,CAM_01,,1,demo
446,85수3615,WHITE,NEW,0.911,2026-09-04 14:02:15,CAM_01,,1,demo
447,227바5803,WHITE,NEW,0.884,2026-09-04 07:24:55,CAM_01,,1,demo
448,227바5803,WHITE,NEW,0.853,2026-09-04 15:08:55,CAM_01,,1,demo
449,849쿠2133,WHITE,NEW,0.923,2026-09-04 07:36:08,CAM_01,,1,demo
450,849쿠2133,WHITE,NEW,0.943,2026-09-04 15:26:08,CAM_01,,1,demo
451,199푸6635,GREENYELLOW,OLD,0.816,2026-09-04 07:39:22,CAM_01,,1,demo
452,199푸6635,GREENYELLOW,OLD,0.893,2026-09-04 15:53:22,CAM_01,,1,demo
453,881사2519,WHITE,NEW,0.937,2026-09-04 07:40:32,CAM_01,,1,demo
454,881사2519,WHITE,NEW,0.965,2026-09-04 14:52:32,CAM_01,,1,demo
455,56모9085,WHITE,NEW,0.903,2026-09-04 07:46:27,CAM_01,,1,demo
456,56모9085,WHITE,NEW,0.825,2026-09-04 17:09:27,CAM_01,,1,demo
457,818거8359,WHITE,NEW,0.859,2026-09-04 07:49:18,CAM_01,,1,demo
458,818거8359,WHITE,NEW,0.852,2026-09-04 16:25:18,CAM_01,,1,demo
459,99코3803,WHITE,NEW,0.804,2026-09-04 07:50:12,CAM_01,,1,demo
460,99코3803,WHITE,NEW,0.967,2026-09-04 15:31:12,CAM_01,,1,demo
461,532러3547,WHITE,NEW,0.849,2026-09-04 07:53:57,CAM_01,,1,demo
462,532러3547,WHITE,NEW,0.955,2026-09-04 18:30:57,CAM_01,,1,demo
463,14하4811,WHITE,NEW,0.88,2026-09-04 07:57:05,CAM_01,,1,demo
464,14하4811,WHITE,NEW,0.886,2026-09-04 17:46:05,CAM_01,,1,demo
465,479하5374,WHITE,NEW,0.96,2026-09-04 08:04:45,CAM_01,,1,demo
466,479하5374,WHITE,NEW,0.835,2026-09-04 17:40:45,CAM_01,,1,demo
467,78자8787,WHITE,NEW,0.824,2026-09-04 08:07:01,CAM_01,,1,demo
468,78자8787,WHITE,NEW,0.939,2026-09-04 17:10:01,CAM_01,,1,demo
469,20후2654,GREENYELLOW,OLD,0.885,2026-09-04 08:08:02,CAM_01,,1,demo
470,20후2654,GREENYELLOW,OLD,0.9,2026-09-04 16:38:02,CAM_01,,1,demo
471,771터8517,WHITE,NEW,0.864,2026-09-04 08:17:07,CAM_01,,1,demo
472,771터8517,WHITE,NEW,0.83,2026-09-04 18:06:07,CAM_01,,1,demo
473,17추6168,WHITE,NEW,0.911,2026-09-04 08:18:22,CAM_01,,1,demo
474,17추6168,WHITE,NEW,0.93,2026-09-04 17:30:22,CAM_01,,1,demo
475,72처6038,GREENYELLOW,OLD,0.926,2026-09-04 08:23:24,CAM_01,,1,demo
476,72처6038,GREENYELLOW,OLD,0.957,2026-09-04 18:04:24,CAM_01,,1,demo
477,29주7916,WHITE,NEW,0.857,2026-09-04 08:28:38,CAM_01,,1,demo
478,29주7916,WHITE,NEW,0.92,2026-09-04 18:21:38,CAM_01,,1,demo
479,864초7543,WHITE,NEW,0.909,2026-09-04 08:31:44,CAM_01,,1,demo
480,864초7543,WHITE,NEW,0.809,2026-09-04 14:26:44,CAM_01,,1,demo
481,58누6313,WHITE,NEW,0.94,2026-09-04 08:32:25,CAM_01,,1,demo
482,58누6313,WHITE,NEW,0.802,2026-09-04 19:44:25,CAM_01,,1,demo
483,21후2796,WHITE,NEW,0.837,2026-09-04 08:34:18,CAM_01,,1,demo
484,21후2796,WHITE,NEW,0.943,2026-09-04 17:38:18,CAM_01,,1,demo
485,165커8668,WHITE,NEW,0.828,2026-09-04 08:44:28,CAM_01,,1,demo
486,165커8668,WHITE,NEW,0.869,2026-09-04 17:48:28,CAM_01,,1,demo
487,18우5741,WHITE,NEW,0.818,2026-09-04 08:46:42,CAM_01,,1,demo
488,18우5741,WHITE,NEW,0.869,2026-09-04 16:41:42,CAM_01,,1,demo
489,74오4257,WHITE,NEW,0.841,2026-09-04 08:53:09,CAM_01,,1,demo
490,74오4257,WHITE,NEW,0.796,2026-09-04 15:54:09,CAM_01,,1,demo
491,41부2679,WHITE,NEW,0.877,2026-09-04 08:58:53,CAM_01,,1,demo
492,41부2679,WHITE,NEW,0.897,2026-09-04 15:30:53,CAM_01,,1,demo
493,79코6310,WHITE,NEW,0.966,2026-09-04 09:02:08,CAM_01,,1,demo
494,79코6310,WHITE,NEW,0.903,2026-09-04 16:13:08,CAM_01,,1,demo
495,87무8527,WHITE,NEW,0.989,2026-09-04 09:11:42,CAM_01,,1,demo
496,87무8527,WHITE,NEW,0.925,2026-09-04 17:37:42,CAM_01,,1,demo
497,649우6573,GREENYELLOW,OLD,0.939,2026-09-04 09:17:40,CAM_01,,1,demo
498,649우6573,GREENYELLOW,OLD,0.868,2026-09-04 18:58:40,CAM_01,,1,demo
499,733조4150,WHITE,NEW,0.896,2026-09-04 09:23:16,CAM_01,,1,demo
500,733조4150,WHITE,NEW,0.882,2026-09-04 18:41:16,CAM_01,,1,demo
501,40조2290,WHITE,NEW,0.984,2026-09-04 09:23:23,CAM_01,,1,demo
502,40조2290,WHITE,NEW,0.888,2026-09-04 18:35:23,CAM_01,,1,demo
503,208투9317,WHITE,NEW,0.932,2026-09-04 09:23:32,CAM_01,,1,demo
504,208투9317,WHITE,NEW,0.876,2026-09-04 19:25:32,CAM_01,,1,demo
505,384포6977,WHITE,NEW,0.83,2026-09-04 09:44:30,CAM_01,,1,demo
506,384포6977,WHITE,NEW,0.897,2026-09-04 20:09:30,CAM_01,,1,demo
507,28너9830,GREENYELLOW,OLD,0.823,2026-09-04 09:57:24,CAM_01,,1,demo
508,28너9830,GREENYELLOW,OLD,0.959,2026-09-04 17:45:24,CAM_01,,1,demo
509,578버9148,WHITE,NEW,0.87,2026-09-04 11:10:31,CAM_01,,1,demo
510,578버9148,WHITE,NEW,0.841,2026-09-04 13:40:31,CAM_01,,1,demo
511,454푸2292,WHITE,NEW,0.822,2026-09-04 11:59:45,CAM_01,,1,demo
512,454푸2292,WHITE,NEW,0.844,2026-09-04 13:11:45,CAM_01,,1,demo
513,88모3762,WHITE,NEW,0.856,2026-09-04 12:40:35,CAM_01,,1,demo
514,88모3762,WHITE,NEW,0.786,2026-09-04 13:42:35,CAM_01,,1,demo
515,53서6231,WHITE,NEW,0.949,2026-09-04 13:29:13,CAM_01,,1,demo
516,53서6231,WHITE,NEW,0.869,2026-09-04 13:57:13,CAM_01,,1,demo
517,62자6194,GREENYELLOW,OLD,0.858,2026-09-04 13:45:46,CAM_01,,1,demo
518,62자6194,GREENYELLOW,OLD,0.84,2026-09-04 13:58:46,CAM_01,,1,demo
519,41라5754,WHITE,NEW,0.941,2026-09-04 14:17:28,CAM_01,,1,demo
520,41라5754,WHITE,NEW,0.78,2026-09-04 15:27:28,CAM_01,,1,demo
521,820하5678,WHITE,NEW,0.813,2026-09-04 14:24:58,CAM_01,,1,demo
522,820하5678,WHITE,NEW,0.789,2026-09-04 14:55:58,CAM_01,,1,demo
523,19카8202,WHITE,NEW,0.859,2026-09-04 14:51:51,CAM_01,,1,demo
524,19카8202,WHITE,NEW,0.875,2026-09-04 15:45:51,CAM_01,,1,demo
525,48루3852,WHITE,NEW,0.872,2026-09-04 15:18:57,CAM_01,,1,demo
526,48루3852,WHITE,NEW,0.955,2026-09-04 15:23:57,CAM_01,,1,demo
527,80마6067,WHITE,NEW,0.825,2026-09-04 15:23:29,CAM_01,,1,demo
528,80마6067,WHITE,NEW,0.809,2026-09-04 17:05:29,CAM_01,,1,demo
529,774투1674,WHITE,NEW,0.945,2026-09-04 15:37:09,CAM_01,,1,demo
530,774투1674,WHITE,NEW,0.92,2026-09-04 18:15:09,CAM_01,,1,demo
531,658호5949,WHITE,NEW,0.938,2026-09-04 16:01:31,CAM_01,,1,demo
532,658호5949,WHITE,NEW,0.799,2026-09-04 17:40:31,CAM_01,,1,demo
533,629자3981,WHITE,NEW,0.918,2026-09-04 16:28:29,CAM_01,,1,demo
534,629자3981,WHITE,NEW,0.861,2026-09-04 17:51:29,CAM_01,,1,demo
535,25고3828,GREENYELLOW,OLD,0.864,2026-09-04 16:31:12,CAM_01,,1,demo
536,25고3828,GREENYELLOW,OLD,0.79,2026-09-04 17:28:12,CAM_01,,1,demo
537,25버3697,WHITE,NEW,0.884,2026-09-04 17:08:27,CAM_01,,1,demo
538,25버3697,WHITE,NEW,0.838,2026-09-04 17:13:27,CAM_01,,1,demo
539,342나6912,WHITE,NEW,0.831,2026-09-04 17:32:14,CAM_01,,1,demo
540,342나6912,WHITE,NEW,0.785,2026-09-04 19:16:14,CAM_01,,1,demo
541,57서4960,WHITE,NEW,0.947,2026-09-04 17:55:22,CAM_01,,1,demo
542,57서4960,WHITE,NEW,0.845,2026-09-04 19:41:22,CAM_01,,1,demo
543,83우7825,WHITE,NEW,0.922,2026-09-04 18:01:05,CAM_01,,1,demo
544,83우7825,WHITE,NEW,0.798,2026-09-04 20:38:05,CAM_01,,1,demo
545,783루2063,YELLOW,NEW,0.903,2026-09-04 19:28:05,CAM_01,,1,demo
546,783루2063,YELLOW,NEW,0.939,2026-09-04 21:41:05,CAM_01,,1,demo
547,933조6123,YELLOW,NEW,0.899,2026-09-04 19:55:39,CAM_01,,1,demo
548,933조6123,YELLOW,NEW,0.938,2026-09-04 20:00:39,CAM_01,,1,demo
549,882처1741,WHITE,NEW,0.804,2026-09-05 08:06:27,CAM_01,,1,demo
550,882처1741,WHITE,NEW,0.918,2026-09-05 09:52:27,CAM_01,,1,demo
551,84라5609,WHITE,NEW,0.983,2026-09-05 10:25:32,CAM_01,,1,demo
552,84라5609,WHITE,NEW,0.838,2026-09-05 10:57:32,CAM_01,,1,demo
553,471마7329,WHITE,NEW,0.958,2026-09-05 13:36:35,CAM_01,,1,demo
554,471마7329,WHITE,NEW,0.956,2026-09-05 15:26:35,CAM_01,,1,demo
555,788머9793,WHITE,NEW,0.816,2026-09-05 14:56:53,CAM_01,,1,demo
556,788머9793,WHITE,NEW,0.892,2026-09-05 16:22:53,CAM_01,,1,demo
557,255두4340,WHITE,NEW,0.912,2026-09-06 09:44:07,CAM_01,,1,demo
558,255두4340,WHITE,NEW,0.883,2026-09-06 11:22:07,CAM_01,,1,demo
559,893차4968,GREENYELLOW,OLD,0.865,2026-09-06 11:40:46,CAM_01,,1,demo
560,893차4968,GREENYELLOW,OLD,0.818,2026-09-06 11:45:46,CAM_01,,1,demo
561,266토5902,WHITE,NEW,0.9,2026-09-06 11:59:39,CAM_01,,1,demo
562,266토5902,WHITE,NEW,0.86,2026-09-06 13:36:39,CAM_01,,1,demo
563,631차9446,WHITE,NEW,0.986,2026-09-06 13:02:02,CAM_01,,1,demo
564,631차9446,WHITE,NEW,0.894,2026-09-06 15:49:02,CAM_01,,1,demo
565,56파9341,WHITE,NEW,0.835,2026-09-06 13:21:35,CAM_01,,1,demo
566,56파9341,WHITE,NEW,0.941,2026-09-06 13:26:35,CAM_01,,1,demo
567,758토8932,WHITE,NEW,0.981,2026-09-06 13:22:43,CAM_01,,1,demo
568,758토8932,WHITE,NEW,0.923,2026-09-06 14:36:43,CAM_01,,1,demo
569,697주1436,WHITE,NEW,0.983,2026-09-06 13:43:07,CAM_01,,1,demo
570,697주1436,WHITE,NEW,0.818,2026-09-06 14:53:07,CAM_01,,1,demo
571,70루3262,WHITE,NEW,0.857,2026-09-06 13:49:39,CAM_01,,1,demo
572,70루3262,WHITE,NEW,0.801,2026-09-06 16:04:39,CAM_01,,1,demo
573,88사7453,WHITE,NEW,0.97,2026-09-06 14:35:17,CAM_01,,1,demo
574,88사7453,WHITE,NEW,0.834,2026-09-06 16:28:17,CAM_01,,1,demo
575,58노9734,GREENYELLOW,OLD,0.971,2026-09-06 14:35:20,CAM_01,,1,demo
576,58노9734,GREENYELLOW,OLD,0.791,2026-09-06 16:58:20,CAM_01,,1,demo
577,83초8871,WHITE,NEW,0.913,2026-09-06 15:16:41,CAM_01,,1,demo
578,83초8871,WHITE,NEW,0.83,2026-09-06 16:52:41,CAM_01,,1,demo
579,406쿠1272,WHITE,NEW,0.896,2026-09-06 15:32:53,CAM_01,,1,demo
580,406쿠1272,WHITE,NEW,0.979,2026-09-06 15:37:53,CAM_01,,1,demo
581,849쿠2133,WHITE,NEW,0.86,2026-09-07 07:16:41,CAM_01,,1,demo
582,849쿠2133,WHITE,NEW,0.896,2026-09-07 15:54:41,CAM_01,,1,demo
583,532러3547,WHITE,NEW,0.805,2026-09-07 07:18:45,CAM_01,,1,demo
584,532러3547,WHITE,NEW,0.913,2026-09-07 19:37:45,CAM_01,,1,demo
585,87처3646,GREENYELLOW,OLD,0.804,2026-09-07 07:25:42,CAM_01,,1,demo
586,87처3646,GREENYELLOW,OLD,0.896,2026-09-07 15:49:42,CAM_01,,1,demo
587,56모9085,WHITE,NEW,0.819,2026-09-07 07:59:21,CAM_01,,1,demo
588,56모9085,WHITE,NEW,0.94,2026-09-07 16:20:21,CAM_01,,1,demo
589,77누2876,WHITE,NEW,0.824,2026-09-07 08:00:47,CAM_01,,1,demo
590,77누2876,WHITE,NEW,0.899,2026-09-07 19:27:47,CAM_01,,1,demo
591,87무8527,WHITE,NEW,0.961,2026-09-07 08:08:06,CAM_01,,1,demo
592,87무8527,WHITE,NEW,0.885,2026-09-07 15:58:06,CAM_01,,1,demo
593,91부5506,WHITE,NEW,0.827,2026-09-07 08:17:35,CAM_01,,1,demo
594,91부5506,WHITE,NEW,0.893,2026-09-07 16:32:35,CAM_01,,1,demo
595,74오4257,WHITE,NEW,0.847,2026-09-07 08:18:07,CAM_01,,1,demo
596,74오4257,WHITE,NEW,0.98,2026-09-07 15:57:07,CAM_01,,1,demo
597,18우5741,YELLOW,NEW,0.905,2026-09-07 08:26:41,CAM_01,,1,demo
598,18우5741,YELLOW,NEW,0.789,2026-09-07 18:09:41,CAM_01,,1,demo
599,79코6310,WHITE,NEW,0.983,2026-09-07 08:30:20,CAM_01,,1,demo
600,79코6310,WHITE,NEW,0.91,2026-09-07 17:59:20,CAM_01,,1,demo
601,78카8573,WHITE,NEW,0.832,2026-09-07 08:34:47,CAM_01,,1,demo
602,78카8573,WHITE,NEW,0.793,2026-09-07 19:50:47,CAM_01,,1,demo
603,649우6573,GREENYELLOW,OLD,0.852,2026-09-07 08:36:43,CAM_01,,1,demo
604,649우6573,GREENYELLOW,OLD,0.833,2026-09-07 17:58:43,CAM_01,,1,demo
605,227바5803,WHITE,NEW,0.99,2026-09-07 08:40:14,CAM_01,,1,demo
606,227바5803,WHITE,NEW,0.957,2026-09-07 16:40:14,CAM_01,,1,demo
607,479하5374,WHITE,NEW,0.96,2026-09-07 08:48:18,CAM_01,,1,demo
608,479하5374,WHITE,NEW,0.839,2026-09-07 17:11:18,CAM_01,,1,demo
609,85수3615,WHITE,NEW,0.901,2026-09-07 08:49:51,CAM_01,,1,demo
610,85수3615,WHITE,NEW,0.795,2026-09-07 17:18:51,CAM_01,,1,demo
611,165커8668,WHITE,NEW,0.933,2026-09-07 08:51:07,CAM_01,,1,demo
612,165커8668,WHITE,NEW,0.954,2026-09-07 17:00:07,CAM_01,,1,demo
613,864초7543,WHITE,NEW,0.99,2026-09-07 08:56:02,CAM_01,,1,demo
614,864초7543,WHITE,NEW,0.964,2026-09-07 18:54:02,CAM_01,,1,demo
615,771터8517,WHITE,NEW,0.896,2026-09-07 08:59:58,CAM_01,,1,demo
616,771터8517,WHITE,NEW,0.948,2026-09-07 21:05:58,CAM_01,,1,demo
617,881사2519,GREENYELLOW,OLD,0.98,2026-09-07 09:13:12,CAM_01,,1,demo
618,881사2519,GREENYELLOW,OLD,0.913,2026-09-07 20:10:12,CAM_01,,1,demo
619,78자8787,YELLOW,NEW,0.934,2026-09-07 09:19:10,CAM_01,,1,demo
620,78자8787,YELLOW,NEW,0.837,2026-09-07 19:30:10,CAM_01,,1,demo
621,14하4811,WHITE,NEW,0.861,2026-09-07 09:20:30,CAM_01,,1,demo
622,14하4811,WHITE,NEW,0.824,2026-09-07 22:04:30,CAM_01,,1,demo
623,733조4150,YELLOW,NEW,0.862,2026-09-07 09:21:45,CAM_01,,1,demo
624,733조4150,YELLOW,NEW,0.972,2026-09-07 16:26:45,CAM_01,,1,demo
625,72처6038,WHITE,NEW,0.975,2026-09-07 09:48:17,CAM_01,,1,demo
626,72처6038,WHITE,NEW,0.908,2026-09-07 19:03:17,CAM_01,,1,demo
627,21후2796,WHITE,NEW,0.802,2026-09-07 09:56:08,CAM_01,,1,demo
628,21후2796,WHITE,NEW,0.816,2026-09-07 22:56:08,CAM_01,,1,demo
629,77투1056,WHITE,NEW,0.932,2026-09-07 10:34:25,CAM_01,,1,demo
630,77투1056,WHITE,NEW,0.883,2026-09-07 12:53:25,CAM_01,,1,demo
631,565퍼9998,WHITE,NEW,0.815,2026-09-07 11:08:30,CAM_01,,1,demo
632,565퍼9998,WHITE,NEW,0.964,2026-09-07 11:16:30,CAM_01,,1,demo
633,96너1724,WHITE,NEW,0.902,2026-09-07 12:04:06,CAM_01,,1,demo
634,96너1724,WHITE,NEW,0.967,2026-09-07 12:24:06,CAM_01,,1,demo
635,38추8586,WHITE,NEW,0.885,2026-09-07 12:11:48,CAM_01,,1,demo
636,38추8586,WHITE,NEW,0.806,2026-09-07 12:42:48,CAM_01,,1,demo
637,57라5398,YELLOW,NEW,0.872,2026-09-07 12:21:41,CAM_01,,1,demo
638,57라5398,YELLOW,NEW,0.906,2026-09-07 14:33:41,CAM_01,,1,demo
639,37자9255,WHITE,NEW,0.959,2026-09-07 13:14:34,CAM_01,,1,demo
640,37자9255,WHITE,NEW,0.95,2026-09-07 13:52:34,CAM_01,,1,demo
641,132토1256,YELLOW,NEW,0.824,2026-09-07 13:17:12,CAM_01,,1,demo
642,132토1256,YELLOW,NEW,0.858,2026-09-07 13:25:12,CAM_01,,1,demo
643,15파4555,WHITE,NEW,0.802,2026-09-07 13:38:38,CAM_01,,1,demo
644,15파4555,WHITE,NEW,0.936,2026-09-07 15:24:38,CAM_01,,1,demo
645,49터5169,WHITE,NEW,0.929,2026-09-07 14:29:36,CAM_01,,1,demo
646,49터5169,WHITE,NEW,0.929,2026-09-07 16:46:36,CAM_01,,1,demo
647,11부2922,WHITE,NEW,0.955,2026-09-07 14:55:58,CAM_01,,1,demo
648,11부2922,WHITE,NEW,0.911,2026-09-07 15:00:58,CAM_01,,1,demo
649,82투9972,WHITE,NEW,0.842,2026-09-07 15:23:04,CAM_01,,1,demo
650,82투9972,WHITE,NEW,0.986,2026-09-07 15:28:04,CAM_01,,1,demo
651,537라6642,YELLOW,NEW,0.807,2026-09-07 15:37:56,CAM_01,,1,demo
652,537라6642,YELLOW,NEW,0.883,2026-09-07 16:48:56,CAM_01,,1,demo
653,415처9401,WHITE,NEW,0.915,2026-09-07 15:49:18,CAM_01,,1,demo
654,415처9401,WHITE,NEW,0.781,2026-09-07 16:09:18,CAM_01,,1,demo
655,220처4618,YELLOW,NEW,0.921,2026-09-07 16:59:57,CAM_01,,1,demo
656,220처4618,YELLOW,NEW,0.803,2026-09-07 19:32:57,CAM_01,,1,demo
657,78너8546,WHITE,NEW,0.895,2026-09-07 17:19:29,CAM_01,,1,demo
658,78너8546,WHITE,NEW,0.816,2026-09-07 17:59:29,CAM_01,,1,demo
659,75노3161,WHITE,NEW,0.94,2026-09-07 17:31:05,CAM_01,,1,demo
660,75노3161,WHITE,NEW,0.921,2026-09-07 18:37:05,CAM_01,,1,demo
661,132퍼3948,WHITE,NEW,0.833,2026-09-07 17:34:03,CAM_01,,1,demo
662,132퍼3948,WHITE,NEW,0.904,2026-09-07 19:09:03,CAM_01,,1,demo
663,41터4921,WHITE,NEW,0.824,2026-09-07 17:48:30,CAM_01,,1,demo
664,41터4921,WHITE,NEW,0.976,2026-09-07 21:13:30,CAM_01,,1,demo
665,530커8348,GREENYELLOW,OLD,0.967,2026-09-07 17:49:41,CAM_01,,1,demo
666,530커8348,GREENYELLOW,OLD,0.933,2026-09-07 18:54:41,CAM_01,,1,demo
667,523러1998,WHITE,NEW,0.961,2026-09-07 18:42:33,CAM_01,,1,demo
668,523러1998,WHITE,NEW,0.785,2026-09-07 19:17:33,CAM_01,,1,demo
669,84허6644,YELLOW,NEW,0.929,2026-09-07 18:47:13,CAM_01,,1,demo
670,84허6644,YELLOW,NEW,0.909,2026-09-07 20:25:13,CAM_01,,1,demo
671,94호6697,WHITE,NEW,0.968,2026-09-07 18:58:24,CAM_01,,1,demo
672,94호6697,WHITE,NEW,0.78,2026-09-07 19:08:24,CAM_01,,1,demo
673,76누4365,WHITE,NEW,0.928,2026-09-07 19:12:36,CAM_01,,1,demo
674,76누4365,WHITE,NEW,0.917,2026-09-07 19:51:36,CAM_01,,1,demo
675,63커4978,GREENYELLOW,OLD,0.861,2026-09-07 19:35:26,CAM_01,,1,demo
676,63커4978,GREENYELLOW,OLD,0.957,2026-09-07 20:39:26,CAM_01,,1,demo
677,426퍼3444,WHITE,NEW,0.823,2026-09-07 19:42:24,CAM_01,,1,demo
678,426퍼3444,WHITE,NEW,0.889,2026-09-07 20:19:24,CAM_01,,1,demo
679,41보8319,WHITE,NEW,0.898,2026-09-07 19:48:34,CAM_01,,1,demo
680,41보8319,WHITE,NEW,0.789,2026-09-07 21:38:34,CAM_01,,1,demo
681,712너5944,WHITE,NEW,0.809,2026-09-07 20:14:52,CAM_01,,1,demo
682,712너5944,WHITE,NEW,0.973,2026-09-07 22:37:52,CAM_01,,1,demo
683,479하5374,WHITE,NEW,0.86,2026-09-08 07:00:34,CAM_01,,1,demo
684,479하5374,WHITE,NEW,0.862,2026-09-08 13:40:34,CAM_01,,1,demo
685,99코3803,WHITE,NEW,0.967,2026-09-08 07:01:33,CAM_01,,1,demo
686,99코3803,WHITE,NEW,0.95,2026-09-08 16:01:33,CAM_01,,1,demo
687,28너9830,YELLOW,NEW,0.843,2026-09-08 07:05:25,CAM_01,,1,demo
688,28너9830,YELLOW,NEW,0.925,2026-09-08 15:02:25,CAM_01,,1,demo
689,87무8527,YELLOW,NEW,0.974,2026-09-08 07:33:02,CAM_01,,1,demo
690,87무8527,YELLOW,NEW,0.821,2026-09-08 17:07:02,CAM_01,,1,demo
691,58누6313,WHITE,NEW,0.812,2026-09-08 07:33:09,CAM_01,,1,demo
692,58누6313,WHITE,NEW,0.911,2026-09-08 17:00:09,CAM_01,,1,demo
693,771터8517,WHITE,NEW,0.882,2026-09-08 07:41:54,CAM_01,,1,demo
694,771터8517,WHITE,NEW,0.785,2026-09-08 15:12:54,CAM_01,,1,demo
695,864초7543,WHITE,NEW,0.978,2026-09-08 07:44:10,CAM_01,,1,demo
696,864초7543,WHITE,NEW,0.957,2026-09-08 18:22:10,CAM_01,,1,demo
697,733조4150,WHITE,NEW,0.89,2026-09-08 07:48:00,CAM_01,,1,demo
698,733조4150,WHITE,NEW,0.981,2026-09-08 14:40:00,CAM_01,,1,demo
699,18우5741,WHITE,NEW,0.956,2026-09-08 08:00:13,CAM_01,,1,demo
700,18우5741,WHITE,NEW,0.889,2026-09-08 18:50:13,CAM_01,,1,demo
701,14하4811,WHITE,NEW,0.814,2026-09-08 08:01:16,CAM_01,,1,demo
702,14하4811,WHITE,NEW,0.906,2026-09-08 18:20:16,CAM_01,,1,demo
703,78자8787,WHITE,NEW,0.818,2026-09-08 08:03:06,CAM_01,,1,demo
704,78자8787,WHITE,NEW,0.874,2026-09-08 20:50:06,CAM_01,,1,demo
705,20후2654,WHITE,NEW,0.985,2026-09-08 08:03:39,CAM_01,,1,demo
706,20후2654,WHITE,NEW,0.973,2026-09-08 15:06:39,CAM_01,,1,demo
707,85수3615,WHITE,NEW,0.969,2026-09-08 08:16:48,CAM_01,,1,demo
708,85수3615,WHITE,NEW,0.926,2026-09-08 19:17:48,CAM_01,,1,demo
709,17추6168,WHITE,NEW,0.812,2026-09-08 08:17:50,CAM_01,,1,demo
710,17추6168,WHITE,NEW,0.949,2026-09-08 19:41:50,CAM_01,,1,demo
711,96초7912,WHITE,NEW,0.916,2026-09-08 08:23:20,CAM_01,,1,demo
712,96초7912,WHITE,NEW,0.871,2026-09-08 16:03:20,CAM_01,,1,demo
713,61하6155,WHITE,NEW,0.811,2026-09-08 08:25:29,CAM_01,,1,demo
714,61하6155,WHITE,NEW,0.791,2026-09-08 13:33:29,CAM_01,,1,demo
715,818거8359,WHITE,NEW,0.876,2026-09-08 08:31:35,CAM_01,,1,demo
716,818거8359,WHITE,NEW,0.91,2026-09-08 18:52:35,CAM_01,,1,demo
717,208투9317,WHITE,NEW,0.964,2026-09-08 08:37:09,CAM_01,,1,demo
718,208투9317,WHITE,NEW,0.945,2026-09-08 17:47:09,CAM_01,,1,demo
719,199푸6635,WHITE,NEW,0.886,2026-09-08 08:46:34,CAM_01,,1,demo
720,199푸6635,WHITE,NEW,0.877,2026-09-08 14:45:34,CAM_01,,1,demo
721,400카8433,WHITE,NEW,0.918,2026-09-08 08:57:34,CAM_01,,1,demo
722,400카8433,WHITE,NEW,0.801,2026-09-08 17:55:34,CAM_01,,1,demo
723,77누2876,WHITE,NEW,0.928,2026-09-08 09:17:02,CAM_01,,1,demo
724,77누2876,WHITE,NEW,0.785,2026-09-08 22:13:02,CAM_01,,1,demo
725,74오4257,WHITE,NEW,0.912,2026-09-08 09:18:09,CAM_01,,1,demo
726,74오4257,WHITE,NEW,0.803,2026-09-08 18:59:09,CAM_01,,1,demo
727,532러3547,WHITE,NEW,0.936,2026-09-08 09:29:10,CAM_01,,1,demo
728,532러3547,WHITE,NEW,0.905,2026-09-08 15:17:10,CAM_01,,1,demo
729,56모9085,WHITE,NEW,0.972,2026-09-08 09:41:50,CAM_01,,1,demo
730,56모9085,WHITE,NEW,0.806,2026-09-08 16:59:50,CAM_01,,1,demo
731,72처6038,WHITE,NEW,0.868,2026-09-08 09:43:57,CAM_01,,1,demo
732,72처6038,WHITE,NEW,0.881,2026-09-08 20:53:57,CAM_01,,1,demo
733,40조2290,WHITE,NEW,0.835,2026-09-08 09:48:47,CAM_01,,1,demo
734,40조2290,WHITE,NEW,0.809,2026-09-08 21:59:47,CAM_01,,1,demo
735,41부2679,WHITE,NEW,0.824,2026-09-08 09:48:53,CAM_01,,1,demo
736,41부2679,WHITE,NEW,0.903,2026-09-08 20:23:53,CAM_01,,1,demo
737,78카8573,WHITE,NEW,0.924,2026-09-08 09:51:58,CAM_01,,1,demo
738,78카8573,WHITE,NEW,0.855,2026-09-08 17:21:58,CAM_01,,1,demo
739,79코6310,WHITE,NEW,0.903,2026-09-08 09:59:04,CAM_01,,1,demo
740,79코6310,WHITE,NEW,0.811,2026-09-08 18:43:04,CAM_01,,1,demo
741,23타8061,WHITE,NEW,0.915,2026-09-08 10:00:19,CAM_01,,1,demo
742,23타8061,WHITE,NEW,0.841,2026-09-08 10:05:19,CAM_01,,1,demo
743,510소1602,YELLOW,NEW,0.898,2026-09-08 10:38:30,CAM_01,,1,demo
744,510소1602,YELLOW,NEW,0.918,2026-09-08 12:36:30,CAM_01,,1,demo
745,545퍼5911,WHITE,NEW,0.845,2026-09-08 11:17:19,CAM_01,,1,demo
746,545퍼5911,WHITE,NEW,0.952,2026-09-08 12:28:19,CAM_01,,1,demo
747,257서6909,WHITE,NEW,0.81,2026-09-08 11:45:50,CAM_01,,1,demo
748,257서6909,WHITE,NEW,0.852,2026-09-08 13:42:50,CAM_01,,1,demo
749,506나5478,YELLOW,NEW,0.922,2026-09-08 12:04:21,CAM_01,,1,demo
750,506나5478,YELLOW,NEW,0.822,2026-09-08 12:13:21,CAM_01,,1,demo
751,53누3692,WHITE,NEW,0.836,2026-09-08 13:19:02,CAM_01,,1,demo
752,53누3692,WHITE,NEW,0.88,2026-09-08 14:44:02,CAM_01,,1,demo
753,85저1402,WHITE,NEW,0.889,2026-09-08 13:49:43,CAM_01,,1,demo
754,85저1402,WHITE,NEW,0.925,2026-09-08 15:07:43,CAM_01,,1,demo
755,33무8563,GREENYELLOW,OLD,0.908,2026-09-08 13:59:36,CAM_01,,1,demo
756,33무8563,GREENYELLOW,OLD,0.85,2026-09-08 16:17:36,CAM_01,,1,demo
757,352코4203,WHITE,NEW,0.862,2026-09-08 14:04:23,CAM_01,,1,demo
758,352코4203,WHITE,NEW,0.802,2026-09-08 15:52:23,CAM_01,,1,demo
759,489고6484,GREENYELLOW,OLD,0.973,2026-09-08 14:08:19,CAM_01,,1,demo
760,489고6484,GREENYELLOW,OLD,0.884,2026-09-08 16:23:19,CAM_01,,1,demo
761,456어8460,GREENYELLOW,OLD,0.921,2026-09-08 14:18:26,CAM_01,,1,demo
762,456어8460,GREENYELLOW,OLD,0.926,2026-09-08 15:55:26,CAM_01,,1,demo
763,62바6798,WHITE,NEW,0.84,2026-09-08 14:35:32,CAM_01,,1,demo
764,62바6798,WHITE,NEW,0.881,2026-09-08 16:24:32,CAM_01,,1,demo
765,93버6253,WHITE,NEW,0.955,2026-09-08 14:52:55,CAM_01,,1,demo
766,93버6253,WHITE,NEW,0.95,2026-09-08 16:09:55,CAM_01,,1,demo
767,398커2387,WHITE,NEW,0.876,2026-09-08 15:38:38,CAM_01,,1,demo
768,398커2387,WHITE,NEW,0.953,2026-09-08 17:18:38,CAM_01,,1,demo
769,832주7176,WHITE,NEW,0.802,2026-09-08 16:08:40,CAM_01,,1,demo
770,832주7176,WHITE,NEW,0.855,2026-09-08 17:08:40,CAM_01,,1,demo
771,92조7547,WHITE,NEW,0.827,2026-09-08 16:22:10,CAM_01,,1,demo
772,92조7547,WHITE,NEW,0.872,2026-09-08 16:51:10,CAM_01,,1,demo
773,41바5390,WHITE,NEW,0.973,2026-09-08 16:42:24,CAM_01,,1,demo
774,41바5390,WHITE,NEW,0.856,2026-09-08 19:08:24,CAM_01,,1,demo
775,426부9044,YELLOW,NEW,0.838,2026-09-08 16:44:12,CAM_01,,1,demo
776,426부9044,YELLOW,NEW,0.84,2026-09-08 17:21:12,CAM_01,,1,demo
777,91우5067,WHITE,NEW,0.85,2026-09-08 17:23:44,CAM_01,,1,demo
778,91우5067,WHITE,NEW,0.817,2026-09-08 19:36:44,CAM_01,,1,demo
779,464허4043,WHITE,NEW,0.847,2026-09-08 17:28:31,CAM_01,,1,demo
780,464허4043,WHITE,NEW,0.821,2026-09-08 17:52:31,CAM_01,,1,demo
781,54고8412,WHITE,NEW,0.85,2026-09-08 17:33:30,CAM_01,,1,demo
782,54고8412,WHITE,NEW,0.801,2026-09-08 18:35:30,CAM_01,,1,demo
783,41누7237,WHITE,NEW,0.826,2026-09-08 17:35:57,CAM_01,,1,demo
784,41누7237,WHITE,NEW,0.918,2026-09-08 17:40:57,CAM_01,,1,demo
785,706커1072,GREENYELLOW,OLD,0.864,2026-09-08 17:56:12,CAM_01,,1,demo
786,706커1072,GREENYELLOW,OLD,0.824,2026-09-08 19:32:12,CAM_01,,1,demo
787,47쿠7703,WHITE,NEW,0.87,2026-09-08 19:13:28,CAM_01,,1,demo
788,47쿠7703,WHITE,NEW,0.858,2026-09-08 23:43:28,CAM_01,,1,demo
789,773터1478,WHITE,NEW,0.9,2026-09-08 19:14:51,CAM_01,,1,demo
790,773터1478,WHITE,NEW,0.948,2026-09-08 19:57:51,CAM_01,,1,demo
791,76어7985,WHITE,NEW,0.882,2026-09-08 19:47:15,CAM_01,,1,demo
792,76어7985,WHITE,NEW,0.929,2026-09-08 20:34:15,CAM_01,,1,demo
793,43고7129,WHITE,NEW,0.968,2026-09-08 20:21:50,CAM_01,,1,demo
794,43고7129,WHITE,NEW,0.807,2026-09-08 21:28:50,CAM_01,,1,demo
795,485쿠7437,WHITE,NEW,0.901,2026-09-08 20:50:15,CAM_01,,1,demo
796,485쿠7437,WHITE,NEW,0.926,2026-09-08 22:09:15,CAM_01,,1,demo
797,400카8433,WHITE,NEW,0.882,2026-09-09 07:08:48,CAM_01,,1,demo
798,400카8433,WHITE,NEW,0.914,2026-09-09 18:21:48,CAM_01,,1,demo
799,96초7912,GREENYELLOW,OLD,0.945,2026-09-09 07:16:42,CAM_01,,1,demo
800,96초7912,GREENYELLOW,OLD,0.903,2026-09-09 17:47:42,CAM_01,,1,demo
801,864초7543,GREENYELLOW,OLD,0.856,2026-09-09 07:28:16,CAM_01,,1,demo
802,864초7543,GREENYELLOW,OLD,0.811,2026-09-09 14:37:16,CAM_01,,1,demo
803,56모9085,WHITE,NEW,0.92,2026-09-09 07:28:55,CAM_01,,1,demo
804,56모9085,WHITE,NEW,0.839,2026-09-09 19:23:55,CAM_01,,1,demo
805,17추6168,WHITE,NEW,0.897,2026-09-09 07:36:07,CAM_01,,1,demo
806,17추6168,WHITE,NEW,0.903,2026-09-09 16:43:07,CAM_01,,1,demo
807,165커8668,WHITE,NEW,0.938,2026-09-09 07:36:22,CAM_01,,1,demo
808,165커8668,WHITE,NEW,0.945,2026-09-09 17:42:22,CAM_01,,1,demo
809,771터8517,WHITE,NEW,0.917,2026-09-09 07:48:46,CAM_01,,1,demo
810,771터8517,WHITE,NEW,0.815,2026-09-09 18:59:46,CAM_01,,1,demo
811,479하5374,WHITE,NEW,0.968,2026-09-09 08:05:36,CAM_01,,1,demo
812,479하5374,WHITE,NEW,0.938,2026-09-09 17:32:36,CAM_01,,1,demo
813,87무8527,WHITE,NEW,0.899,2026-09-09 08:11:20,CAM_01,,1,demo
814,87무8527,WHITE,NEW,0.818,2026-09-09 18:39:20,CAM_01,,1,demo
815,72처6038,WHITE,NEW,0.9,2026-09-09 08:15:09,CAM_01,,1,demo
816,72처6038,WHITE,NEW,0.881,2026-09-09 16:54:09,CAM_01,,1,demo
817,91부5506,YELLOW,NEW,0.89,2026-09-09 08:17:48,CAM_01,,1,demo
818,91부5506,YELLOW,NEW,0.902,2026-09-09 16:51:48,CAM_01,,1,demo
819,99코3803,WHITE,NEW,0.95,2026-09-09 08:18:02,CAM_01,,1,demo
820,99코3803,WHITE,NEW,0.916,2026-09-09 17:20:02,CAM_01,,1,demo
821,85수3615,WHITE,NEW,0.97,2026-09-09 08:20:07,CAM_01,,1,demo
822,85수3615,WHITE,NEW,0.875,2026-09-09 17:43:07,CAM_01,,1,demo
823,77누2876,WHITE,NEW,0.842,2026-09-09 08:20:45,CAM_01,,1,demo
824,77누2876,WHITE,NEW,0.869,2026-09-09 17:08:45,CAM_01,,1,demo
825,74오4257,WHITE,NEW,0.83,2026-09-09 08:22:54,CAM_01,,1,demo
826,74오4257,WHITE,NEW,0.957,2026-09-09 16:48:54,CAM_01,,1,demo
827,41부2679,WHITE,NEW,0.816,2026-09-09 08:23:20,CAM_01,,1,demo
828,41부2679,WHITE,NEW,0.938,2026-09-09 15:09:20,CAM_01,,1,demo
829,28너9830,WHITE,NEW,0.899,2026-09-09 08:27:06,CAM_01,,1,demo
830,28너9830,WHITE,NEW,0.828,2026-09-09 17:35:06,CAM_01,,1,demo
831,532러3547,WHITE,NEW,0.897,2026-09-09 08:32:24,CAM_01,,1,demo
832,532러3547,WHITE,NEW,0.851,2026-09-09 18:36:24,CAM_01,,1,demo
833,199푸6635,WHITE,NEW,0.882,2026-09-09 08:35:10,CAM_01,,1,demo
834,199푸6635,WHITE,NEW,0.857,2026-09-09 18:43:10,CAM_01,,1,demo
835,881사2519,WHITE,NEW,0.852,2026-09-09 08:36:24,CAM_01,,1,demo
836,881사2519,WHITE,NEW,0.785,2026-09-09 16:23:24,CAM_01,,1,demo
837,18우5741,WHITE,NEW,0.85,2026-09-09 08:52:24,CAM_01,,1,demo
838,18우5741,WHITE,NEW,0.796,2026-09-09 16:27:24,CAM_01,,1,demo
839,21후2796,GREENYELLOW,OLD,0.856,2026-09-09 08:55:45,CAM_01,,1,demo
840,21후2796,GREENYELLOW,OLD,0.885,2026-09-09 18:09:45,CAM_01,,1,demo
841,818거8359,WHITE,NEW,0.815,2026-09-09 08:58:39,CAM_01,,1,demo
842,818거8359,WHITE,NEW,0.838,2026-09-09 18:32:39,CAM_01,,1,demo
843,849쿠2133,WHITE,NEW,0.823,2026-09-09 09:09:36,CAM_01,,1,demo
844,849쿠2133,WHITE,NEW,0.856,2026-09-09 15:44:36,CAM_01,,1,demo
845,29주7916,WHITE,NEW,0.863,2026-09-09 09:10:39,CAM_01,,1,demo
846,29주7916,WHITE,NEW,0.922,2026-09-09 19:09:39,CAM_01,,1,demo
847,78자8787,WHITE,NEW,0.942,2026-09-09 09:24:28,CAM_01,,1,demo
848,78자8787,WHITE,NEW,0.941,2026-09-09 21:06:28,CAM_01,,1,demo
849,384포6977,WHITE,NEW,0.836,2026-09-09 09:26:43,CAM_01,,1,demo
850,384포6977,WHITE,NEW,0.907,2026-09-09 16:24:43,CAM_01,,1,demo
851,78카8573,WHITE,NEW,0.962,2026-09-09 09:36:47,CAM_01,,1,demo
852,78카8573,WHITE,NEW,0.93,2026-09-09 20:46:47,CAM_01,,1,demo
853,14하4811,WHITE,NEW,0.85,2026-09-09 09:39:25,CAM_01,,1,demo
854,14하4811,WHITE,NEW,0.942,2026-09-09 17:35:25,CAM_01,,1,demo
855,68푸3588,WHITE,NEW,0.866,2026-09-09 09:40:50,CAM_01,,1,demo
856,68푸3588,WHITE,NEW,0.989,2026-09-09 10:45:50,CAM_01,,1,demo
857,20라7493,GREENYELLOW,OLD,0.956,2026-09-09 10:23:16,CAM_01,,1,demo
858,20라7493,GREENYELLOW,OLD,0.939,2026-09-09 13:05:16,CAM_01,,1,demo
859,420버3246,WHITE,NEW,0.924,2026-09-09 10:51:06,CAM_01,,1,demo
860,420버3246,WHITE,NEW,0.988,2026-09-09 12:01:06,CAM_01,,1,demo
861,127하9482,YELLOW,NEW,0.964,2026-09-09 12:38:38,CAM_01,,1,demo
862,127하9482,YELLOW,NEW,0.828,2026-09-09 13:44:38,CAM_01,,1,demo
863,750푸2037,WHITE,NEW,0.84,2026-09-09 13:00:55,CAM_01,,1,demo
864,750푸2037,WHITE,NEW,0.829,2026-09-09 14:29:55,CAM_01,,1,demo
865,907누1793,WHITE,NEW,0.905,2026-09-09 13:18:21,CAM_01,,1,demo
866,907누1793,WHITE,NEW,0.878,2026-09-09 14:02:21,CAM_01,,1,demo
867,353호2380,WHITE,NEW,0.865,2026-09-09 13:27:20,CAM_01,,1,demo
868,353호2380,WHITE,NEW,0.798,2026-09-09 14:56:20,CAM_01,,1,demo
869,998노8996,WHITE,NEW,0.881,2026-09-09 13:47:17,CAM_01,,1,demo
870,998노8996,WHITE,NEW,0.978,2026-09-09 15:50:17,CAM_01,,1,demo
871,96보1138,WHITE,NEW,0.883,2026-09-09 13:52:48,CAM_01,,1,demo
872,96보1138,WHITE,NEW,0.959,2026-09-09 16:07:48,CAM_01,,1,demo
873,765카5489,WHITE,NEW,0.826,2026-09-09 14:00:27,CAM_01,,1,demo
874,765카5489,WHITE,NEW,0.963,2026-09-09 15:42:27,CAM_01,,1,demo
875,631가1132,WHITE,NEW,0.94,2026-09-09 14:08:37,CAM_01,,1,demo
876,631가1132,WHITE,NEW,0.885,2026-09-09 14:19:37,CAM_01,,1,demo
877,54포3480,WHITE,NEW,0.867,2026-09-09 16:10:28,CAM_01,,1,demo
878,54포3480,WHITE,NEW,0.827,2026-09-09 16:24:28,CAM_01,,1,demo
879,60주4921,WHITE,NEW,0.943,2026-09-09 16:12:47,CAM_01,,1,demo
880,60주4921,WHITE,NEW,0.94,2026-09-09 16:38:47,CAM_01,,1,demo
881,21가4496,WHITE,NEW,0.857,2026-09-09 16:46:44,CAM_01,,1,demo
882,21가4496,WHITE,NEW,0.903,2026-09-09 18:03:44,CAM_01,,1,demo
883,26거7276,WHITE,NEW,0.806,2026-09-09 16:52:07,CAM_01,,1,demo
884,26거7276,WHITE,NEW,0.809,2026-09-09 19:09:07,CAM_01,,1,demo
885,64로5399,YELLOW,NEW,0.989,2026-09-09 17:25:13,CAM_01,,1,demo
886,64로5399,YELLOW,NEW,0.899,2026-09-09 17:30:13,CAM_01,,1,demo
887,22초7291,WHITE,NEW,0.974,2026-09-09 19:39:43,CAM_01,,1,demo
888,22초7291,WHITE,NEW,0.901,2026-09-09 20:14:43,CAM_01,,1,demo
889,85수3615,WHITE,NEW,0.872,2026-09-10 07:00:16,CAM_01,,1,demo
890,85수3615,WHITE,NEW,0.979,2026-09-10 14:00:16,CAM_01,,1,demo
891,384포6977,WHITE,NEW,0.873,2026-09-10 07:10:31,CAM_01,,1,demo
892,384포6977,WHITE,NEW,0.88,2026-09-10 18:14:31,CAM_01,,1,demo
893,56모9085,WHITE,NEW,0.983,2026-09-10 07:14:47,CAM_01,,1,demo
894,56모9085,WHITE,NEW,0.914,2026-09-10 16:07:47,CAM_01,,1,demo
895,91부5506,WHITE,NEW,0.833,2026-09-10 07:15:31,CAM_01,,1,demo
896,91부5506,WHITE,NEW,0.922,2026-09-10 16:12:31,CAM_01,,1,demo
897,227바5803,WHITE,NEW,0.957,2026-09-10 07:19:44,CAM_01,,1,demo
898,227바5803,WHITE,NEW,0.907,2026-09-10 13:13:44,CAM_01,,1,demo
899,61하6155,WHITE,NEW,0.838,2026-09-10 07:21:51,CAM_01,,1,demo
900,61하6155,WHITE,NEW,0.971,2026-09-10 15:01:51,CAM_01,,1,demo
901,771터8517,WHITE,NEW,0.839,2026-09-10 07:31:29,CAM_01,,1,demo
902,771터8517,WHITE,NEW,0.841,2026-09-10 17:38:29,CAM_01,,1,demo
903,28너9830,WHITE,NEW,0.886,2026-09-10 07:31:54,CAM_01,,1,demo
904,28너9830,WHITE,NEW,0.857,2026-09-10 15:32:54,CAM_01,,1,demo
905,77누2876,WHITE,NEW,0.862,2026-09-10 07:35:51,CAM_01,,1,demo
906,77누2876,WHITE,NEW,0.971,2026-09-10 19:01:51,CAM_01,,1,demo
907,839모3927,WHITE,NEW,0.988,2026-09-10 07:36:23,CAM_01,,1,demo
908,839모3927,WHITE,NEW,0.807,2026-09-10 18:34:23,CAM_01,,1,demo
909,532러3547,WHITE,NEW,0.941,2026-09-10 07:50:25,CAM_01,,1,demo
910,532러3547,WHITE,NEW,0.862,2026-09-10 15:03:25,CAM_01,,1,demo
911,864초7543,GREENYELLOW,OLD,0.839,2026-09-10 07:57:36,CAM_01,,1,demo
912,864초7543,GREENYELLOW,OLD,0.963,2026-09-10 16:41:36,CAM_01,,1,demo
913,194아1699,WHITE,NEW,0.955,2026-09-10 08:04:12,CAM_01,,1,demo
914,194아1699,WHITE,NEW,0.92,2026-09-10 10:12:12,CAM_01,,1,demo
915,733조4150,WHITE,NEW,0.909,2026-09-10 08:05:59,CAM_01,,1,demo
916,733조4150,WHITE,NEW,0.845,2026-09-10 18:50:59,CAM_01,,1,demo
917,20후2654,WHITE,NEW,0.936,2026-09-10 08:07:00,CAM_01,,1,demo
918,20후2654,WHITE,NEW,0.876,2026-09-10 18:12:00,CAM_01,,1,demo
919,649우6573,WHITE,NEW,0.988,2026-09-10 08:15:26,CAM_01,,1,demo
920,649우6573,WHITE,NEW,0.874,2026-09-10 16:18:26,CAM_01,,1,demo
921,199푸6635,WHITE,NEW,0.915,2026-09-10 08:17:05,CAM_01,,1,demo
922,199푸6635,WHITE,NEW,0.832,2026-09-10 16:57:05,CAM_01,,1,demo
923,87무8527,WHITE,NEW,0.908,2026-09-10 08:34:20,CAM_01,,1,demo
924,87무8527,WHITE,NEW,0.883,2026-09-10 19:34:20,CAM_01,,1,demo
925,849쿠2133,WHITE,NEW,0.807,2026-09-10 08:47:39,CAM_01,,1,demo
926,849쿠2133,WHITE,NEW,0.799,2026-09-10 18:11:39,CAM_01,,1,demo
927,78카8573,WHITE,NEW,0.975,2026-09-10 08:47:49,CAM_01,,1,demo
928,78카8573,WHITE,NEW,0.853,2026-09-10 17:35:49,CAM_01,,1,demo
929,208투9317,WHITE,NEW,0.951,2026-09-10 08:51:33,CAM_01,,1,demo
930,208투9317,WHITE,NEW,0.862,2026-09-10 19:42:33,CAM_01,,1,demo
931,96초7912,WHITE,NEW,0.961,2026-09-10 08:59:20,CAM_01,,1,demo
932,96초7912,WHITE,NEW,0.867,2026-09-10 17:52:20,CAM_01,,1,demo
933,40조2290,WHITE,NEW,0.917,2026-09-10 09:00:23,CAM_01,,1,demo
934,40조2290,WHITE,NEW,0.871,2026-09-10 17:03:23,CAM_01,,1,demo
935,77커6883,WHITE,NEW,0.925,2026-09-10 09:17:24,CAM_01,,1,demo
936,77커6883,WHITE,NEW,0.927,2026-09-10 10:58:24,CAM_01,,1,demo
937,29주7916,WHITE,NEW,0.933,2026-09-10 09:23:24,CAM_01,,1,demo
938,29주7916,WHITE,NEW,0.789,2026-09-10 18:41:24,CAM_01,,1,demo
939,14하4811,GREENYELLOW,OLD,0.83,2026-09-10 09:23:34,CAM_01,,1,demo
940,14하4811,GREENYELLOW,OLD,0.965,2026-09-10 17:40:34,CAM_01,,1,demo
941,67사8570,WHITE,NEW,0.927,2026-09-10 09:25:54,CAM_01,,1,demo
942,67사8570,WHITE,NEW,0.794,2026-09-10 10:28:54,CAM_01,,1,demo
943,881사2519,WHITE,NEW,0.971,2026-09-10 09:27:44,CAM_01,,1,demo
944,881사2519,WHITE,NEW,0.971,2026-09-10 18:41:44,CAM_01,,1,demo
945,18우5741,WHITE,NEW,0.945,2026-09-10 09:39:38,CAM_01,,1,demo
946,18우5741,WHITE,NEW,0.805,2026-09-10 21:04:38,CAM_01,,1,demo
947,72처6038,WHITE,NEW,0.944,2026-09-10 09:55:18,CAM_01,,1,demo
948,72처6038,WHITE,NEW,0.886,2026-09-10 19:26:18,CAM_01,,1,demo
949,63차5584,WHITE,NEW,0.878,2026-09-10 10:33:15,CAM_01,,1,demo
950,63차5584,WHITE,NEW,0.815,2026-09-10 10:38:15,CAM_01,,1,demo
951,38쿠7563,WHITE,NEW,0.808,2026-09-10 10:50:08,CAM_01,,1,demo
952,38쿠7563,WHITE,NEW,0.786,2026-09-10 12:20:08,CAM_01,,1,demo
953,481부2391,WHITE,NEW,0.928,2026-09-10 10:58:14,CAM_01,,1,demo
954,481부2391,WHITE,NEW,0.877,2026-09-10 13:11:14,CAM_01,,1,demo
955,159보6856,WHITE,NEW,0.876,2026-09-10 11:20:38,CAM_01,,1,demo
956,159보6856,WHITE,NEW,0.821,2026-09-10 12:59:38,CAM_01,,1,demo
957,562노5341,WHITE,NEW,0.848,2026-09-10 11:29:20,CAM_01,,1,demo
958,562노5341,WHITE,NEW,0.929,2026-09-10 11:42:20,CAM_01,,1,demo
959,793더3848,WHITE,NEW,0.927,2026-09-10 11:45:15,CAM_01,,1,demo
960,793더3848,WHITE,NEW,0.877,2026-09-10 13:59:15,CAM_01,,1,demo
961,27차2731,WHITE,NEW,0.816,2026-09-10 12:04:12,CAM_01,,1,demo
962,27차2731,WHITE,NEW,0.918,2026-09-10 15:12:12,CAM_01,,1,demo
963,101푸6038,WHITE,NEW,0.883,2026-09-10 12:22:40,CAM_01,,1,demo
964,101푸6038,WHITE,NEW,0.879,2026-09-10 14:42:40,CAM_01,,1,demo
965,386차1567,WHITE,NEW,0.831,2026-09-10 13:27:11,CAM_01,,1,demo
966,386차1567,WHITE,NEW,0.956,2026-09-10 13:32:11,CAM_01,,1,demo
967,696쿠2228,WHITE,NEW,0.834,2026-09-10 13:40:41,CAM_01,,1,demo
968,696쿠2228,WHITE,NEW,0.806,2026-09-10 15:09:41,CAM_01,,1,demo
969,817서8417,WHITE,NEW,0.832,2026-09-10 14:08:15,CAM_01,,1,demo
970,817서8417,WHITE,NEW,0.921,2026-09-10 14:52:15,CAM_01,,1,demo
971,679커5430,WHITE,NEW,0.852,2026-09-10 14:50:31,CAM_01,,1,demo
972,679커5430,WHITE,NEW,0.873,2026-09-10 16:35:31,CAM_01,,1,demo
973,939마2020,WHITE,NEW,0.936,2026-09-10 15:32:08,CAM_01,,1,demo
974,939마2020,WHITE,NEW,0.967,2026-09-10 16:03:08,CAM_01,,1,demo
975,402퍼8848,WHITE,NEW,0.884,2026-09-10 16:39:15,CAM_01,,1,demo
976,402퍼8848,WHITE,NEW,0.79,2026-09-10 19:38:15,CAM_01,,1,demo
977,22러9743,WHITE,NEW,0.899,2026-09-10 17:14:10,CAM_01,,1,demo
978,22러9743,WHITE,NEW,0.919,2026-09-10 20:34:10,CAM_01,,1,demo
979,41퍼1391,WHITE,NEW,0.82,2026-09-10 17:34:48,CAM_01,,1,demo
980,41퍼1391,WHITE,NEW,0.925,2026-09-10 19:46:48,CAM_01,,1,demo
981,97하6370,WHITE,NEW,0.914,2026-09-10 18:05:10,CAM_01,,1,demo
982,97하6370,WHITE,NEW,0.79,2026-09-10 20:01:10,CAM_01,,1,demo
983,543로1483,WHITE,NEW,0.838,2026-09-10 19:03:10,CAM_01,,1,demo
984,543로1483,WHITE,NEW,0.832,2026-09-10 19:40:10,CAM_01,,1,demo
985,649우6573,GREENYELLOW,OLD,0.838,2026-09-11 07:11:38,CAM_01,,1,demo
986,649우6573,GREENYELLOW,OLD,0.783,2026-09-11 15:22:38,CAM_01,,1,demo
987,839모3927,WHITE,NEW,0.803,2026-09-11 07:15:22,CAM_01,,1,demo
988,839모3927,WHITE,NEW,0.952,2026-09-11 17:29:22,CAM_01,,1,demo
989,227바5803,WHITE,NEW,0.812,2026-09-11 07:33:30,CAM_01,,1,demo
990,227바5803,WHITE,NEW,0.981,2026-09-11 17:00:30,CAM_01,,1,demo
991,532러3547,WHITE,NEW,0.959,2026-09-11 07:45:44,CAM_01,,1,demo
992,532러3547,WHITE,NEW,0.919,2026-09-11 15:55:44,CAM_01,,1,demo
993,400카8433,WHITE,NEW,0.808,2026-09-11 07:59:31,CAM_01,,1,demo
994,400카8433,WHITE,NEW,0.888,2026-09-11 19:47:31,CAM_01,,1,demo
995,21후2796,WHITE,NEW,0.861,2026-09-11 08:08:11,CAM_01,,1,demo
996,21후2796,WHITE,NEW,0.912,2026-09-11 16:58:11,CAM_01,,1,demo
997,87무8527,WHITE,NEW,0.978,2026-09-11 08:11:31,CAM_01,,1,demo
998,87무8527,WHITE,NEW,0.863,2026-09-11 18:00:31,CAM_01,,1,demo
999,56모9085,WHITE,NEW,0.844,2026-09-11 08:14:42,CAM_01,,1,demo
1000,56모9085,WHITE,NEW,0.802,2026-09-11 16:46:42,CAM_01,,1,demo
1001,87처3646,WHITE,NEW,0.803,2026-09-11 08:28:00,CAM_01,,1,demo
1002,87처3646,WHITE,NEW,0.917,2026-09-11 17:41:00,CAM_01,,1,demo
1003,96초7912,WHITE,NEW,0.84,2026-09-11 08:36:54,CAM_01,,1,demo
1004,96초7912,WHITE,NEW,0.826,2026-09-11 19:24:54,CAM_01,,1,demo
1005,818거8359,WHITE,NEW,0.853,2026-09-11 08:37:20,CAM_01,,1,demo
1006,818거8359,WHITE,NEW,0.911,2026-09-11 17:47:20,CAM_01,,1,demo
1007,384포6977,WHITE,NEW,0.968,2026-09-11 08:37:45,CAM_01,,1,demo
1008,384포6977,WHITE,NEW,0.866,2026-09-11 18:44:45,CAM_01,,1,demo
1009,79코6310,WHITE,NEW,0.895,2026-09-11 08:44:04,CAM_01,,1,demo
1010,79코6310,WHITE,NEW,0.988,2026-09-11 16:30:04,CAM_01,,1,demo
1011,733조4150,WHITE,NEW,0.95,2026-09-11 08:51:08,CAM_01,,1,demo
1012,733조4150,WHITE,NEW,0.974,2026-09-11 17:40:08,CAM_01,,1,demo
1013,881사2519,WHITE,NEW,0.848,2026-09-11 08:53:51,CAM_01,,1,demo
1014,881사2519,WHITE,NEW,0.8,2026-09-11 19:46:51,CAM_01,,1,demo
1015,61하6155,WHITE,NEW,0.92,2026-09-11 09:37:06,CAM_01,,1,demo
1016,61하6155,WHITE,NEW,0.862,2026-09-11 18:15:06,CAM_01,,1,demo
1017,864초7543,GREENYELLOW,OLD,0.947,2026-09-11 09:41:20,CAM_01,,1,demo
1018,864초7543,GREENYELLOW,OLD,0.808,2026-09-11 20:08:20,CAM_01,,1,demo
1019,40조2290,WHITE,NEW,0.945,2026-09-11 09:46:26,CAM_01,,1,demo
1020,40조2290,WHITE,NEW,0.924,2026-09-11 21:13:26,CAM_01,,1,demo
1021,195코8909,YELLOW,NEW,0.927,2026-09-11 10:10:56,CAM_01,,1,demo
1022,195코8909,YELLOW,NEW,0.794,2026-09-11 10:15:56,CAM_01,,1,demo
1023,371버4891,WHITE,NEW,0.973,2026-09-11 10:13:12,CAM_01,,1,demo
1024,371버4891,WHITE,NEW,0.874,2026-09-11 10:23:12,CAM_01,,1,demo
1025,960차1893,WHITE,NEW,0.941,2026-09-11 10:25:36,CAM_01,,1,demo
1026,960차1893,WHITE,NEW,0.886,2026-09-11 12:21:36,CAM_01,,1,demo
1027,433보8506,WHITE,NEW,0.803,2026-09-11 10:35:25,CAM_01,,1,demo
1028,433보8506,WHITE,NEW,0.784,2026-09-11 11:48:25,CAM_01,,1,demo
1029,63파8237,WHITE,NEW,0.824,2026-09-11 10:47:28,CAM_01,,1,demo
1030,63파8237,WHITE,NEW,0.83,2026-09-11 12:09:28,CAM_01,,1,demo
1031,120더2715,WHITE,NEW,0.846,2026-09-11 10:54:02,CAM_01,,1,demo
1032,120더2715,WHITE,NEW,0.797,2026-09-11 13:28:02,CAM_01,,1,demo
1033,576거5400,WHITE,NEW,0.895,2026-09-11 11:02:16,CAM_01,,1,demo
1034,576거5400,WHITE,NEW,0.822,2026-09-11 13:42:16,CAM_01,,1,demo
1035,34허2283,WHITE,NEW,0.922,2026-09-11 11:10:13,CAM_01,,1,demo
1036,34허2283,WHITE,NEW,0.83,2026-09-11 11:30:13,CAM_01,,1,demo
1037,37호4688,WHITE,NEW,0.988,2026-09-11 11:36:49,CAM_01,,1,demo
1038,37호4688,WHITE,NEW,0.873,2026-09-11 14:43:49,CAM_01,,1,demo
1039,20버7512,GREENYELLOW,OLD,0.826,2026-09-11 11:40:18,CAM_01,,1,demo
1040,20버7512,GREENYELLOW,OLD,0.847,2026-09-11 14:19:18,CAM_01,,1,demo
1041,877쿠1920,WHITE,NEW,0.808,2026-09-11 11:52:26,CAM_01,,1,demo
1042,877쿠1920,WHITE,NEW,0.946,2026-09-11 12:14:26,CAM_01,,1,demo
1043,797다7484,WHITE,NEW,0.954,2026-09-11 12:09:39,CAM_01,,1,demo
1044,797다7484,WHITE,NEW,0.938,2026-09-11 12:51:39,CAM_01,,1,demo
1045,281초6730,WHITE,NEW,0.939,2026-09-11 12:31:38,CAM_01,,1,demo
1046,281초6730,WHITE,NEW,0.852,2026-09-11 15:36:38,CAM_01,,1,demo
1047,99후4734,WHITE,NEW,0.81,2026-09-11 12:53:31,CAM_01,,1,demo
1048,99후4734,WHITE,NEW,0.973,2026-09-11 15:46:31,CAM_01,,1,demo
1049,86사1421,YELLOW,NEW,0.952,2026-09-11 13:27:05,CAM_01,,1,demo
1050,86사1421,YELLOW,NEW,0.926,2026-09-11 14:17:05,CAM_01,,1,demo
1051,21커1813,WHITE,NEW,0.966,2026-09-11 13:53:57,CAM_01,,1,demo
1052,21커1813,WHITE,NEW,0.89,2026-09-11 15:01:57,CAM_01,,1,demo
1053,74아8357,WHITE,NEW,0.92,2026-09-11 14:05:25,CAM_01,,1,demo
1054,74아8357,WHITE,NEW,0.794,2026-09-11 16:37:25,CAM_01,,1,demo
1055,27타4158,WHITE,NEW,0.981,2026-09-11 14:10:04,CAM_01,,1,demo
1056,27타4158,WHITE,NEW,0.791,2026-09-11 14:58:04,CAM_01,,1,demo
1057,289커7052,YELLOW,NEW,0.978,2026-09-11 14:57:42,CAM_01,,1,demo
1058,289커7052,YELLOW,NEW,0.806,2026-09-11 16:03:42,CAM_01,,1,demo
1059,452수4727,WHITE,NEW,0.904,2026-09-11 15:09:48,CAM_01,,1,demo
1060,452수4727,WHITE,NEW,0.947,2026-09-11 16:15:48,CAM_01,,1,demo
1061,22주5687,WHITE,NEW,0.896,2026-09-11 15:37:48,CAM_01,,1,demo
1062,22주5687,WHITE,NEW,0.87,2026-09-11 15:42:48,CAM_01,,1,demo
1063,528조4860,WHITE,NEW,0.831,2026-09-11 15:53:24,CAM_01,,1,demo
1064,528조4860,WHITE,NEW,0.821,2026-09-11 16:42:24,CAM_01,,1,demo
1065,721카1877,WHITE,NEW,0.915,2026-09-11 17:27:41,CAM_01,,1,demo
1066,721카1877,WHITE,NEW,0.844,2026-09-11 19:50:41,CAM_01,,1,demo
1067,17노1828,WHITE,NEW,0.984,2026-09-11 18:12:53,CAM_01,,1,demo
1068,17노1828,WHITE,NEW,0.822,2026-09-11 20:33:53,CAM_01,,1,demo
1069,44어5965,GREENYELLOW,OLD,0.891,2026-09-11 18:21:44,CAM_01,,1,demo
1070,44어5965,GREENYELLOW,OLD,0.98,2026-09-11 19:43:44,CAM_01,,1,demo
1071,83카8393,WHITE,NEW,0.872,2026-09-11 18:22:34,CAM_01,,1,demo
1072,83카8393,WHITE,NEW,0.879,2026-09-11 18:27:34,CAM_01,,1,demo
1073,597다3821,WHITE,NEW,0.916,2026-09-11 18:56:22,CAM_01,,1,demo
1074,597다3821,WHITE,NEW,0.871,2026-09-11 20:44:22,CAM_01,,1,demo
1075,215차3428,WHITE,NEW,0.981,2026-09-11 19:00:50,CAM_01,,1,demo
1076,215차3428,WHITE,NEW,0.881,2026-09-11 19:50:50,CAM_01,,1,demo
1077,74누1500,WHITE,NEW,0.881,2026-09-11 19:45:12,CAM_01,,1,demo
1078,74누1500,WHITE,NEW,0.797,2026-09-11 20:43:12,CAM_01,,1,demo
1079,364무2097,GREENYELLOW,OLD,0.857,2026-09-11 20:27:12,CAM_01,,1,demo
1080,364무2097,GREENYELLOW,OLD,0.893,2026-09-11 23:06:12,CAM_01,,1,demo
1081,674버2771,WHITE,NEW,0.833,2026-09-12 08:42:53,CAM_01,,1,demo
1082,674버2771,WHITE,NEW,0.86,2026-09-12 10:34:53,CAM_01,,1,demo
1083,109자3837,WHITE,NEW,0.854,2026-09-12 12:26:32,CAM_01,,1,demo
1084,109자3837,WHITE,NEW,0.898,2026-09-12 15:24:32,CAM_01,,1,demo
1085,409초2676,WHITE,NEW,0.863,2026-09-12 13:24:54,CAM_01,,1,demo
1086,409초2676,WHITE,NEW,0.93,2026-09-12 14:12:54,CAM_01,,1,demo
1087,924구6236,WHITE,NEW,0.974,2026-09-12 14:15:57,CAM_01,,1,demo
1088,924구6236,WHITE,NEW,0.781,2026-09-12 14:20:57,CAM_01,,1,demo
1089,771파3456,GREENYELLOW,OLD,0.939,2026-09-12 14:21:17,CAM_01,,1,demo
1090,771파3456,GREENYELLOW,OLD,0.859,2026-09-12 14:26:17,CAM_01,,1,demo
1091,722루5511,WHITE,NEW,0.879,2026-09-12 15:00:14,CAM_01,,1,demo
1092,722루5511,WHITE,NEW,0.863,2026-09-12 16:28:14,CAM_01,,1,demo
1093,528커1578,WHITE,NEW,0.873,2026-09-12 16:46:01,CAM_01,,1,demo
1094,528커1578,WHITE,NEW,0.845,2026-09-12 16:51:01,CAM_01,,1,demo
1095,683차6183,YELLOW,NEW,0.814,2026-09-13 11:12:21,CAM_01,,1,demo
1096,683차6183,YELLOW,NEW,0.966,2026-09-13 13:28:21,CAM_01,,1,demo
1097,647구6873,YELLOW,NEW,0.824,2026-09-13 13:45:14,CAM_01,,1,demo
1098,647구6873,YELLOW,NEW,0.976,2026-09-13 13:50:14,CAM_01,,1,demo
1099,405라3470,WHITE,NEW,0.945,2026-09-13 14:12:32,CAM_01,,1,demo
1100,405라3470,WHITE,NEW,0.981,2026-09-13 16:33:32,CAM_01,,1,demo
1101,33도3096,WHITE,NEW,0.943,2026-09-13 14:54:10,CAM_01,,1,demo
1102,33도3096,WHITE,NEW,0.853,2026-09-13 17:15:10,CAM_01,,1,demo
1103,25후2166,WHITE,NEW,0.921,2026-09-13 15:29:54,CAM_01,,1,demo
1104,25후2166,WHITE,NEW,0.857,2026-09-13 18:43:54,CAM_01,,1,demo
1105,907처5269,WHITE,NEW,0.873,2026-09-13 16:14:22,CAM_01,,1,demo
1106,907처5269,WHITE,NEW,0.869,2026-09-13 17:49:22,CAM_01,,1,demo
1107,81누6499,WHITE,NEW,0.891,2026-09-13 17:46:51,CAM_01,,1,demo
1108,81누6499,WHITE,NEW,0.974,2026-09-13 17:51:51,CAM_01,,1,demo
1109,40조2290,WHITE,NEW,0.934,2026-09-14 07:00:54,CAM_01,,1,demo
1110,40조2290,WHITE,NEW,0.786,2026-09-14 17:43:54,CAM_01,,1,demo
1111,28너9830,WHITE,NEW,0.828,2026-09-14 07:18:07,CAM_01,,1,demo
1112,28너9830,WHITE,NEW,0.907,2026-09-14 15:08:07,CAM_01,,1,demo
1113,479하5374,GREENYELLOW,OLD,0.828,2026-09-14 07:24:56,CAM_01,,1,demo
1114,479하5374,GREENYELLOW,OLD,0.832,2026-09-14 16:58:56,CAM_01,,1,demo
1115,78카8573,WHITE,NEW,0.926,2026-09-14 07:26:28,CAM_01,,1,demo
1116,78카8573,WHITE,NEW,0.814,2026-09-14 14:54:28,CAM_01,,1,demo
1117,96초7912,WHITE,NEW,0.818,2026-09-14 07:28:17,CAM_01,,1,demo
1118,96초7912,WHITE,NEW,0.929,2026-09-14 16:06:17,CAM_01,,1,demo
1119,41부2679,WHITE,NEW,0.934,2026-09-14 07:31:21,CAM_01,,1,demo
1120,41부2679,WHITE,NEW,0.985,2026-09-14 16:12:21,CAM_01,,1,demo
1121,99코3803,WHITE,NEW,0.973,2026-09-14 07:38:03,CAM_01,,1,demo
1122,99코3803,WHITE,NEW,0.964,2026-09-14 15:49:03,CAM_01,,1,demo
1123,165커8668,WHITE,NEW,0.881,2026-09-14 07:42:05,CAM_01,,1,demo
1124,165커8668,WHITE,NEW,0.925,2026-09-14 15:26:05,CAM_01,,1,demo
1125,199푸6635,WHITE,NEW,0.901,2026-09-14 07:43:00,CAM_01,,1,demo
1126,199푸6635,WHITE,NEW,0.966,2026-09-14 16:15:00,CAM_01,,1,demo
1127,532러3547,WHITE,NEW,0.939,2026-09-14 07:57:20,CAM_01,,1,demo
1128,532러3547,WHITE,NEW,0.938,2026-09-14 17:31:20,CAM_01,,1,demo
1129,400카8433,GREENYELLOW,OLD,0.965,2026-09-14 08:05:49,CAM_01,,1,demo
1130,400카8433,GREENYELLOW,OLD,0.803,2026-09-14 15:01:49,CAM_01,,1,demo
1131,733모4389,WHITE,NEW,0.952,2026-09-14 08:05:50,CAM_01,,1,demo
1132,733모4389,WHITE,NEW,0.951,2026-09-14 09:08:50,CAM_01,,1,demo
1133,227바5803,WHITE,NEW,0.84,2026-09-14 08:10:04,CAM_01,,1,demo
1134,227바5803,WHITE,NEW,0.937,2026-09-14 18:03:04,CAM_01,,1,demo
1135,384포6977,WHITE,NEW,0.801,2026-09-14 08:13:46,CAM_01,,1,demo
1136,384포6977,WHITE,NEW,0.815,2026-09-14 19:18:46,CAM_01,,1,demo
1137,208투9317,WHITE,NEW,0.818,2026-09-14 08:16:29,CAM_01,,1,demo
1138,208투9317,WHITE,NEW,0.942,2026-09-14 20:12:29,CAM_01,,1,demo
1139,87무8527,WHITE,NEW,0.879,2026-09-14 08:19:08,CAM_01,,1,demo
1140,87무8527,WHITE,NEW,0.841,2026-09-14 16:50:08,CAM_01,,1,demo
1141,18우5741,WHITE,NEW,0.834,2026-09-14 08:21:57,CAM_01,,1,demo
1142,18우5741,WHITE,NEW,0.819,2026-09-14 15:11:57,CAM_01,,1,demo
1143,634두2741,WHITE,NEW,0.892,2026-09-14 08:22:53,CAM_01,,1,demo
1144,634두2741,WHITE,NEW,0.886,2026-09-14 08:27:53,CAM_01,,1,demo
1145,17추6168,WHITE,NEW,0.908,2026-09-14 08:26:42,CAM_01,,1,demo
1146,17추6168,WHITE,NEW,0.825,2026-09-14 19:39:42,CAM_01,,1,demo
1147,72처6038,WHITE,NEW,0.942,2026-09-14 08:27:47,CAM_01,,1,demo
1148,72처6038,WHITE,NEW,0.95,2026-09-14 18:38:47,CAM_01,,1,demo
1149,733조4150,WHITE,NEW,0.987,2026-09-14 08:27:56,CAM_01,,1,demo
1150,733조4150,WHITE,NEW,0.963,2026-09-14 16:39:56,CAM_01,,1,demo
1151,58누6313,WHITE,NEW,0.973,2026-09-14 08:30:44,CAM_01,,1,demo
1152,58누6313,WHITE,NEW,0.803,2026-09-14 19:09:44,CAM_01,,1,demo
1153,14하4811,WHITE,NEW,0.815,2026-09-14 08:36:48,CAM_01,,1,demo
1154,14하4811,WHITE,NEW,0.798,2026-09-14 19:21:48,CAM_01,,1,demo
1155,61하6155,WHITE,NEW,0.812,2026-09-14 08:39:38,CAM_01,,1,demo
1156,61하6155,WHITE,NEW,0.786,2026-09-14 17:30:38,CAM_01,,1,demo
1157,839모3927,WHITE,NEW,0.892,2026-09-14 08:41:14,CAM_01,,1,demo
1158,839모3927,WHITE,NEW,0.94,2026-09-14 17:50:14,CAM_01,,1,demo
1159,56모9085,WHITE,NEW,0.851,2026-09-14 08:49:16,CAM_01,,1,demo
1160,56모9085,WHITE,NEW,0.981,2026-09-14 20:07:16,CAM_01,,1,demo
1161,20후2654,WHITE,NEW,0.95,2026-09-14 09:01:14,CAM_01,,1,demo
1162,20후2654,WHITE,NEW,0.789,2026-09-14 18:30:14,CAM_01,,1,demo
1163,941사5166,WHITE,NEW,0.95,2026-09-14 09:10:31,CAM_01,,1,demo
1164,941사5166,WHITE,NEW,0.859,2026-09-14 09:15:31,CAM_01,,1,demo
1165,21후2796,WHITE,NEW,0.983,2026-09-14 09:18:10,CAM_01,,1,demo
1166,21후2796,WHITE,NEW,0.836,2026-09-14 15:07:10,CAM_01,,1,demo
1167,85수3615,WHITE,NEW,0.944,2026-09-14 09:24:00,CAM_01,,1,demo
1168,85수3615,WHITE,NEW,0.907,2026-09-14 19:42:00,CAM_01,,1,demo
1169,849쿠2133,WHITE,NEW,0.93,2026-09-14 09:39:17,CAM_01,,1,demo
1170,849쿠2133,WHITE,NEW,0.852,2026-09-14 20:38:17,CAM_01,,1,demo
1171,818거8359,WHITE,NEW,0.846,2026-09-14 09:40:27,CAM_01,,1,demo
1172,818거8359,WHITE,NEW,0.856,2026-09-14 21:12:27,CAM_01,,1,demo
1173,29주7916,WHITE,NEW,0.916,2026-09-14 09:58:13,CAM_01,,1,demo
1174,29주7916,WHITE,NEW,0.985,2026-09-14 18:38:13,CAM_01,,1,demo
1175,50구6542,GREENYELLOW,OLD,0.953,2026-09-14 10:26:28,CAM_01,,1,demo
1176,50구6542,GREENYELLOW,OLD,0.781,2026-09-14 12:25:28,CAM_01,,1,demo
1177,83푸9166,GREENYELLOW,OLD,0.876,2026-09-14 10:28:51,CAM_01,,1,demo
1178,83푸9166,GREENYELLOW,OLD,0.955,2026-09-14 11:56:51,CAM_01,,1,demo
1179,378두8835,GREENYELLOW,OLD,0.805,2026-09-14 13:21:11,CAM_01,,1,demo
1180,378두8835,GREENYELLOW,OLD,0.806,2026-09-14 15:21:11,CAM_01,,1,demo
1181,487쿠4850,WHITE,NEW,0.981,2026-09-14 13:21:17,CAM_01,,1,demo
1182,487쿠4850,WHITE,NEW,0.938,2026-09-14 15:16:17,CAM_01,,1,demo
1183,61오9996,WHITE,NEW,0.886,2026-09-14 14:07:31,CAM_01,,1,demo
1184,61오9996,WHITE,NEW,0.924,2026-09-14 15:21:31,CAM_01,,1,demo
1185,73마9055,GREENYELLOW,OLD,0.898,2026-09-14 14:30:54,CAM_01,,1,demo
1186,73마9055,GREENYELLOW,OLD,0.919,2026-09-14 15:18:54,CAM_01,,1,demo
1187,81가3571,WHITE,NEW,0.921,2026-09-14 14:42:43,CAM_01,,1,demo
1188,81가3571,WHITE,NEW,0.978,2026-09-14 15:35:43,CAM_01,,1,demo
1189,197구5072,WHITE,NEW,0.92,2026-09-14 14:44:44,CAM_01,,1,demo
1190,197구5072,WHITE,NEW,0.963,2026-09-14 16:12:44,CAM_01,,1,demo
1191,68루6536,YELLOW,NEW,0.94,2026-09-14 16:12:07,CAM_01,,1,demo
1192,68루6536,YELLOW,NEW,0.922,2026-09-14 18:21:07,CAM_01,,1,demo
1193,964어8751,WHITE,NEW,0.892,2026-09-14 16:29:21,CAM_01,,1,demo
1194,964어8751,WHITE,NEW,0.935,2026-09-14 17:30:21,CAM_01,,1,demo
1195,67수4633,WHITE,NEW,0.866,2026-09-14 17:23:45,CAM_01,,1,demo
1196,67수4633,WHITE,NEW,0.977,2026-09-14 18:53:45,CAM_01,,1,demo
1197,97도8997,GREENYELLOW,OLD,0.89,2026-09-14 17:39:01,CAM_01,,1,demo
1198,97도8997,GREENYELLOW,OLD,0.918,2026-09-14 20:14:01,CAM_01,,1,demo
1199,31두1960,WHITE,NEW,0.819,2026-09-14 17:41:56,CAM_01,,1,demo
1200,31두1960,WHITE,NEW,0.861,2026-09-14 19:35:56,CAM_01,,1,demo
1201,921타7221,WHITE,NEW,0.935,2026-09-14 20:54:10,CAM_01,,1,demo
1202,921타7221,WHITE,NEW,0.963,2026-09-14 23:53:10,CAM_01,,1,demo
1203,28너9830,GREENYELLOW,OLD,0.949,2026-09-15 07:12:17,CAM_01,,1,demo
1204,28너9830,GREENYELLOW,OLD,0.93,2026-09-15 16:29:17,CAM_01,,1,demo
1205,29주7916,WHITE,NEW,0.895,2026-09-15 07:22:52,CAM_01,,1,demo
1206,29주7916,WHITE,NEW,0.798,2026-09-15 17:07:52,CAM_01,,1,demo
1207,41부2679,WHITE,NEW,0.989,2026-09-15 07:49:57,CAM_01,,1,demo
1208,41부2679,WHITE,NEW,0.987,2026-09-15 15:03:57,CAM_01,,1,demo
1209,400카8433,WHITE,NEW,0.97,2026-09-15 07:59:24,CAM_01,,1,demo
1210,400카8433,WHITE,NEW,0.981,2026-09-15 16:54:24,CAM_01,,1,demo
1211,18우5741,WHITE,NEW,0.903,2026-09-15 08:08:26,CAM_01,,1,demo
1212,18우5741,WHITE,NEW,0.831,2026-09-15 14:57:26,CAM_01,,1,demo
1213,479하5374,WHITE,NEW,0.979,2026-09-15 08:13:39,CAM_01,,1,demo
1214,479하5374,WHITE,NEW,0.927,2026-09-15 17:02:39,CAM_01,,1,demo
1215,87무8527,WHITE,NEW,0.989,2026-09-15 08:17:25,CAM_01,,1,demo
1216,87무8527,WHITE,NEW,0.786,2026-09-15 16:47:25,CAM_01,,1,demo
1217,78카8573,GREENYELLOW,OLD,0.862,2026-09-15 08:32:34,CAM_01,,1,demo
1218,78카8573,GREENYELLOW,OLD,0.861,2026-09-15 15:38:34,CAM_01,,1,demo
1219,839모3927,WHITE,NEW,0.937,2026-09-15 08:35:03,CAM_01,,1,demo
1220,839모3927,WHITE,NEW,0.92,2026-09-15 19:03:03,CAM_01,,1,demo
1221,849쿠2133,YELLOW,NEW,0.927,2026-09-15 08:43:04,CAM_01,,1,demo
1222,849쿠2133,YELLOW,NEW,0.92,2026-09-15 17:27:04,CAM_01,,1,demo
1223,56모9085,GREENYELLOW,OLD,0.92,2026-09-15 08:43:16,CAM_01,,1,demo
1224,56모9085,GREENYELLOW,OLD,0.883,2026-09-15 18:22:16,CAM_01,,1,demo
1225,58누6313,WHITE,NEW,0.863,2026-09-15 08:45:07,CAM_01,,1,demo
1226,58누6313,WHITE,NEW,0.827,2026-09-15 18:12:07,CAM_01,,1,demo
1227,20후2654,WHITE,NEW,0.976,2026-09-15 08:45:47,CAM_01,,1,demo
1228,20후2654,WHITE,NEW,0.794,2026-09-15 16:12:47,CAM_01,,1,demo
1229,532러3547,WHITE,NEW,0.973,2026-09-15 08:46:52,CAM_01,,1,demo
1230,532러3547,WHITE,NEW,0.936,2026-09-15 18:17:52,CAM_01,,1,demo
1231,78자8787,WHITE,NEW,0.924,2026-09-15 08:47:32,CAM_01,,1,demo
1232,78자8787,WHITE,NEW,0.945,2026-09-15 18:25:32,CAM_01,,1,demo
1233,165커8668,YELLOW,NEW,0.883,2026-09-15 08:47:41,CAM_01,,1,demo
1234,165커8668,YELLOW,NEW,0.829,2026-09-15 17:05:41,CAM_01,,1,demo
1235,79코6310,WHITE,NEW,0.855,2026-09-15 08:48:37,CAM_01,,1,demo
1236,79코6310,WHITE,NEW,0.803,2026-09-15 16:10:37,CAM_01,,1,demo
1237,14하4811,WHITE,NEW,0.913,2026-09-15 09:00:33,CAM_01,,1,demo
1238,14하4811,WHITE,NEW,0.82,2026-09-15 19:00:33,CAM_01,,1,demo
1239,91부5506,GREENYELLOW,OLD,0.909,2026-09-15 09:02:59,CAM_01,,1,demo
1240,91부5506,GREENYELLOW,OLD,0.807,2026-09-15 17:43:59,CAM_01,,1,demo
1241,881사2519,WHITE,NEW,0.872,2026-09-15 09:42:38,CAM_01,,1,demo
1242,881사2519,WHITE,NEW,0.935,2026-09-15 17:59:38,CAM_01,,1,demo
1243,17추6168,WHITE,NEW,0.912,2026-09-15 09:43:47,CAM_01,,1,demo
1244,17추6168,WHITE,NEW,0.82,2026-09-15 17:07:47,CAM_01,,1,demo
1245,771터8517,WHITE,NEW,0.881,2026-09-15 09:51:00,CAM_01,,1,demo
1246,771터8517,WHITE,NEW,0.942,2026-09-15 18:50:00,CAM_01,,1,demo
1247,208투9317,WHITE,NEW,0.977,2026-09-15 09:53:14,CAM_01,,1,demo
1248,208투9317,WHITE,NEW,0.807,2026-09-15 19:18:14,CAM_01,,1,demo
1249,818거8359,WHITE,NEW,0.912,2026-09-15 09:53:37,CAM_01,,1,demo
1250,818거8359,WHITE,NEW,0.802,2026-09-15 17:26:37,CAM_01,,1,demo
1251,20부6633,WHITE,NEW,0.962,2026-09-15 10:00:36,CAM_01,,1,demo
1252,20부6633,WHITE,NEW,0.846,2026-09-15 10:13:36,CAM_01,,1,demo
1253,78포2072,WHITE,NEW,0.856,2026-09-15 10:06:10,CAM_01,,1,demo
1254,78포2072,WHITE,NEW,0.826,2026-09-15 10:19:10,CAM_01,,1,demo
1255,364커8391,WHITE,NEW,0.828,2026-09-15 10:11:50,CAM_01,,1,demo
1256,364커8391,WHITE,NEW,0.84,2026-09-15 11:25:50,CAM_01,,1,demo
1257,89누6258,WHITE,NEW,0.961,2026-09-15 10:22:28,CAM_01,,1,demo
1258,89누6258,WHITE,NEW,0.954,2026-09-15 11:42:28,CAM_01,,1,demo
1259,77보2117,WHITE,NEW,0.861,2026-09-15 10:45:20,CAM_01,,1,demo
1260,77보2117,WHITE,NEW,0.885,2026-09-15 12:34:20,CAM_01,,1,demo
1261,48머8170,WHITE,NEW,0.852,2026-09-15 10:50:43,CAM_01,,1,demo
1262,48머8170,WHITE,NEW,0.958,2026-09-15 10:55:43,CAM_01,,1,demo
1263,95사5671,WHITE,NEW,0.92,2026-09-15 11:37:31,CAM_01,,1,demo
1264,95사5671,WHITE,NEW,0.825,2026-09-15 13:45:31,CAM_01,,1,demo
1265,310호2181,WHITE,NEW,0.984,2026-09-15 11:40:49,CAM_01,,1,demo
1266,310호2181,WHITE,NEW,0.792,2026-09-15 13:15:49,CAM_01,,1,demo
1267,75타4617,WHITE,NEW,0.829,2026-09-15 11:57:41,CAM_01,,1,demo
1268,75타4617,WHITE,NEW,0.931,2026-09-15 12:29:41,CAM_01,,1,demo
1269,793가3316,WHITE,NEW,0.978,2026-09-15 12:40:09,CAM_01,,1,demo
1270,793가3316,WHITE,NEW,0.827,2026-09-15 14:01:09,CAM_01,,1,demo
1271,643오1144,WHITE,NEW,0.975,2026-09-15 13:18:13,CAM_01,,1,demo
1272,643오1144,WHITE,NEW,0.943,2026-09-15 14:16:13,CAM_01,,1,demo
1273,362나9468,GREENYELLOW,OLD,0.938,2026-09-15 13:50:07,CAM_01,,1,demo
1274,362나9468,GREENYELLOW,OLD,0.843,2026-09-15 16:30:07,CAM_01,,1,demo
1275,239주9941,WHITE,NEW,0.973,2026-09-15 13:52:42,CAM_01,,1,demo
1276,239주9941,WHITE,NEW,0.813,2026-09-15 15:41:42,CAM_01,,1,demo
1277,47더2608,WHITE,NEW,0.875,2026-09-15 14:35:04,CAM_01,,1,demo
1278,47더2608,WHITE,NEW,0.869,2026-09-15 16:49:04,CAM_01,,1,demo
1279,152로6866,WHITE,NEW,0.866,2026-09-15 14:59:09,CAM_01,,1,demo
1280,152로6866,WHITE,NEW,0.862,2026-09-15 18:27:09,CAM_01,,1,demo
1281,966가6415,WHITE,NEW,0.938,2026-09-15 15:08:10,CAM_01,,1,demo
1282,966가6415,WHITE,NEW,0.839,2026-09-15 16:34:10,CAM_01,,1,demo
1283,82푸9992,GREENYELLOW,OLD,0.933,2026-09-15 16:16:12,CAM_01,,1,demo
1284,82푸9992,GREENYELLOW,OLD,0.895,2026-09-15 18:38:12,CAM_01,,1,demo
1285,12소1096,WHITE,NEW,0.861,2026-09-15 16:27:20,CAM_01,,1,demo
1286,12소1096,WHITE,NEW,0.946,2026-09-15 18:04:20,CAM_01,,1,demo
1287,99저9238,GREENYELLOW,OLD,0.81,2026-09-15 16:39:04,CAM_01,,1,demo
1288,99저9238,GREENYELLOW,OLD,0.976,2026-09-15 17:56:04,CAM_01,,1,demo
1289,597어6008,WHITE,NEW,0.924,2026-09-15 16:57:12,CAM_01,,1,demo
1290,597어6008,WHITE,NEW,0.901,2026-09-15 17:55:12,CAM_01,,1,demo
1291,834다2433,WHITE,NEW,0.892,2026-09-15 17:09:01,CAM_01,,1,demo
1292,834다2433,WHITE,NEW,0.968,2026-09-15 19:52:01,CAM_01,,1,demo
1293,54구6437,WHITE,NEW,0.953,2026-09-15 17:10:26,CAM_01,,1,demo
1294,54구6437,WHITE,NEW,0.821,2026-09-15 17:26:26,CAM_01,,1,demo
1295,15서9419,WHITE,NEW,0.869,2026-09-15 18:23:32,CAM_01,,1,demo
1296,15서9419,WHITE,NEW,0.96,2026-09-15 19:59:32,CAM_01,,1,demo
1297,41부2679,WHITE,NEW,0.949,2026-09-16 07:20:15,CAM_01,,1,demo
1298,41부2679,WHITE,NEW,0.96,2026-09-16 17:39:15,CAM_01,,1,demo
1299,87처3646,WHITE,NEW,0.987,2026-09-16 07:42:14,CAM_01,,1,demo
1300,87처3646,WHITE,NEW,0.923,2026-09-16 18:20:14,CAM_01,,1,demo
1301,881사2519,WHITE,NEW,0.811,2026-09-16 07:54:32,CAM_01,,1,demo
1302,881사2519,WHITE,NEW,0.855,2026-09-16 16:50:32,CAM_01,,1,demo
1303,849쿠2133,WHITE,NEW,0.98,2026-09-16 07:57:36,CAM_01,,1,demo
1304,849쿠2133,WHITE,NEW,0.805,2026-09-16 16:53:36,CAM_01,,1,demo
1305,40조2290,WHITE,NEW,0.864,2026-09-16 08:02:08,CAM_01,,1,demo
1306,40조2290,WHITE,NEW,0.871,2026-09-16 16:34:08,CAM_01,,1,demo
1307,58누6313,WHITE,NEW,0.937,2026-09-16 08:02:14,CAM_01,,1,demo
1308,58누6313,WHITE,NEW,0.831,2026-09-16 16:40:14,CAM_01,,1,demo
1309,56모9085,WHITE,NEW,0.875,2026-09-16 08:06:45,CAM_01,,1,demo
1310,56모9085,WHITE,NEW,0.844,2026-09-16 19:31:45,CAM_01,,1,demo
1311,479하5374,WHITE,NEW,0.833,2026-09-16 08:11:36,CAM_01,,1,demo
1312,479하5374,WHITE,NEW,0.936,2026-09-16 19:36:36,CAM_01,,1,demo
1313,208투9317,WHITE,NEW,0.988,2026-09-16 08:13:09,CAM_01,,1,demo
1314,208투9317,WHITE,NEW,0.921,2026-09-16 18:05:09,CAM_01,,1,demo
1315,532러3547,WHITE,NEW,0.888,2026-09-16 08:16:46,CAM_01,,1,demo
1316,532러3547,WHITE,NEW,0.952,2026-09-16 18:03:46,CAM_01,,1,demo
1317,78자8787,WHITE,NEW,0.92,2026-09-16 08:16:59,CAM_01,,1,demo
1318,78자8787,WHITE,NEW,0.873,2026-09-16 19:12:59,CAM_01,,1,demo
1319,61하6155,WHITE,NEW,0.822,2026-09-16 08:23:14,CAM_01,,1,demo
1320,61하6155,WHITE,NEW,0.806,2026-09-16 18:42:14,CAM_01,,1,demo
1321,839모3927,WHITE,NEW,0.973,2026-09-16 08:28:10,CAM_01,,1,demo
1322,839모3927,WHITE,NEW,0.827,2026-09-16 20:00:10,CAM_01,,1,demo
1323,818거8359,WHITE,NEW,0.988,2026-09-16 08:31:35,CAM_01,,1,demo
1324,818거8359,WHITE,NEW,0.881,2026-09-16 19:31:35,CAM_01,,1,demo
1325,18우5741,WHITE,NEW,0.818,2026-09-16 08:32:00,CAM_01,,1,demo
1326,18우5741,WHITE,NEW,0.905,2026-09-16 16:20:00,CAM_01,,1,demo
1327,91부5506,WHITE,NEW,0.99,2026-09-16 08:36:36,CAM_01,,1,demo
1328,91부5506,WHITE,NEW,0.928,2026-09-16 17:04:36,CAM_01,,1,demo
1329,21후2796,WHITE,NEW,0.824,2026-09-16 08:37:34,CAM_01,,1,demo
1330,21후2796,WHITE,NEW,0.848,2026-09-16 17:31:34,CAM_01,,1,demo
1331,72처6038,WHITE,NEW,0.964,2026-09-16 08:41:53,CAM_01,,1,demo
1332,72처6038,WHITE,NEW,0.893,2026-09-16 18:12:53,CAM_01,,1,demo
1333,79코6310,WHITE,NEW,0.933,2026-09-16 08:46:07,CAM_01,,1,demo
1334,79코6310,WHITE,NEW,0.863,2026-09-16 16:23:07,CAM_01,,1,demo
1335,107호4365,WHITE,NEW,0.949,2026-09-16 08:47:50,CAM_01,,1,demo
1336,107호4365,WHITE,NEW,0.891,2026-09-16 11:14:50,CAM_01,,1,demo
1337,384포6977,WHITE,NEW,0.959,2026-09-16 08:48:32,CAM_01,,1,demo
1338,384포6977,WHITE,NEW,0.893,2026-09-16 15:38:32,CAM_01,,1,demo
1339,649우6573,WHITE,NEW,0.924,2026-09-16 08:52:55,CAM_01,,1,demo
1340,649우6573,WHITE,NEW,0.938,2026-09-16 16:42:55,CAM_01,,1,demo
1341,85수3615,WHITE,NEW,0.925,2026-09-16 08:54:52,CAM_01,,1,demo
1342,85수3615,WHITE,NEW,0.805,2026-09-16 19:35:52,CAM_01,,1,demo
1343,227바5803,GREENYELLOW,OLD,0.932,2026-09-16 09:14:57,CAM_01,,1,demo
1344,227바5803,GREENYELLOW,OLD,0.781,2026-09-16 18:54:57,CAM_01,,1,demo
1345,14하4811,WHITE,NEW,0.86,2026-09-16 09:17:53,CAM_01,,1,demo
1346,14하4811,WHITE,NEW,0.788,2026-09-16 17:10:53,CAM_01,,1,demo
1347,74오4257,WHITE,NEW,0.924,2026-09-16 09:29:28,CAM_01,,1,demo
1348,74오4257,WHITE,NEW,0.798,2026-09-16 20:33:28,CAM_01,,1,demo
1349,733조4150,WHITE,NEW,0.943,2026-09-16 09:32:32,CAM_01,,1,demo
1350,733조4150,WHITE,NEW,0.798,2026-09-16 16:27:32,CAM_01,,1,demo
1351,29주7916,WHITE,NEW,0.857,2026-09-16 09:41:24,CAM_01,,1,demo
1352,29주7916,WHITE,NEW,0.983,2026-09-16 17:34:24,CAM_01,,1,demo
1353,87무8527,WHITE,NEW,0.986,2026-09-16 09:41:49,CAM_01,,1,demo
1354,87무8527,WHITE,NEW,0.918,2026-09-16 19:24:49,CAM_01,,1,demo
1355,199푸6635,WHITE,NEW,0.809,2026-09-16 09:49:37,CAM_01,,1,demo
1356,199푸6635,WHITE,NEW,0.979,2026-09-16 19:14:37,CAM_01,,1,demo
1357,77누2876,GREENYELLOW,OLD,0.856,2026-09-16 09:58:14,CAM_01,,1,demo
1358,77누2876,GREENYELLOW,OLD,0.892,2026-09-16 20:56:14,CAM_01,,1,demo
1359,28너9830,WHITE,NEW,0.893,2026-09-16 09:58:29,CAM_01,,1,demo
1360,28너9830,WHITE,NEW,0.846,2026-09-16 19:34:29,CAM_01,,1,demo
1361,53카7375,GREENYELLOW,OLD,0.989,2026-09-16 10:32:25,CAM_01,,1,demo
1362,53카7375,GREENYELLOW,OLD,0.907,2026-09-16 13:18:25,CAM_01,,1,demo
1363,359조6641,WHITE,NEW,0.931,2026-09-16 11:35:35,CAM_01,,1,demo
1364,359조6641,WHITE,NEW,0.919,2026-09-16 12:17:35,CAM_01,,1,demo
1365,841터9536,WHITE,NEW,0.807,2026-09-16 12:05:38,CAM_01,,1,demo
1366,841터9536,WHITE,NEW,0.81,2026-09-16 13:38:38,CAM_01,,1,demo
1367,61더3867,GREENYELLOW,OLD,0.841,2026-09-16 12:12:29,CAM_01,,1,demo
1368,61더3867,GREENYELLOW,OLD,0.808,2026-09-16 13:37:29,CAM_01,,1,demo
1369,43파5091,WHITE,NEW,0.912,2026-09-16 12:15:55,CAM_01,,1,demo
1370,43파5091,WHITE,NEW,0.838,2026-09-16 15:54:55,CAM_01,,1,demo
1371,800쿠3450,WHITE,NEW,0.88,2026-09-16 12:24:08,CAM_01,,1,demo
1372,800쿠3450,WHITE,NEW,0.895,2026-09-16 14:10:08,CAM_01,,1,demo
1373,97퍼8904,WHITE,NEW,0.923,2026-09-16 12:34:27,CAM_01,,1,demo
1374,97퍼8904,WHITE,NEW,0.814,2026-09-16 12:39:27,CAM_01,,1,demo
1375,606가4304,WHITE,NEW,0.98,2026-09-16 12:38:03,CAM_01,,1,demo
1376,606가4304,WHITE,NEW,0.922,2026-09-16 15:37:03,CAM_01,,1,demo
1377,390더4096,GREENYELLOW,OLD,0.827,2026-09-16 12:49:14,CAM_01,,1,demo
1378,390더4096,GREENYELLOW,OLD,0.823,2026-09-16 13:11:14,CAM_01,,1,demo
1379,922소5098,WHITE,NEW,0.851,2026-09-16 13:06:35,CAM_01,,1,demo
1380,922소5098,WHITE,NEW,0.913,2026-09-16 15:05:35,CAM_01,,1,demo
1381,354바7536,WHITE,NEW,0.936,2026-09-16 13:22:33,CAM_01,,1,demo
1382,354바7536,WHITE,NEW,0.898,2026-09-16 13:27:33,CAM_01,,1,demo
1383,96추6172,WHITE,NEW,0.897,2026-09-16 13:50:14,CAM_01,,1,demo
1384,96추6172,WHITE,NEW,0.814,2026-09-16 15:24:14,CAM_01,,1,demo
1385,294부4271,WHITE,NEW,0.86,2026-09-16 13:57:36,CAM_01,,1,demo
1386,294부4271,WHITE,NEW,0.945,2026-09-16 14:54:36,CAM_01,,1,demo
1387,87우8069,WHITE,NEW,0.983,2026-09-16 14:07:05,CAM_01,,1,demo
1388,87우8069,WHITE,NEW,0.832,2026-09-16 14:50:05,CAM_01,,1,demo
1389,40카2422,WHITE,NEW,0.901,2026-09-16 14:14:39,CAM_01,,1,demo
1390,40카2422,WHITE,NEW,0.924,2026-09-16 15:36:39,CAM_01,,1,demo
1391,62주3979,WHITE,NEW,0.863,2026-09-16 14:30:55,CAM_01,,1,demo
1392,62주3979,WHITE,NEW,0.799,2026-09-16 15:03:55,CAM_01,,1,demo
1393,843저5530,GREENYELLOW,OLD,0.948,2026-09-16 14:47:45,CAM_01,,1,demo
1394,843저5530,GREENYELLOW,OLD,0.811,2026-09-16 16:25:45,CAM_01,,1,demo
1395,83보7933,WHITE,NEW,0.852,2026-09-16 14:48:58,CAM_01,,1,demo
1396,83보7933,WHITE,NEW,0.801,2026-09-16 15:02:58,CAM_01,,1,demo
1397,814거8899,YELLOW,NEW,0.842,2026-09-16 15:23:55,CAM_01,,1,demo
1398,814거8899,YELLOW,NEW,0.98,2026-09-16 16:41:55,CAM_01,,1,demo
1399,88주9706,WHITE,NEW,0.823,2026-09-16 16:11:30,CAM_01,,1,demo
1400,88주9706,WHITE,NEW,0.891,2026-09-16 17:51:30,CAM_01,,1,demo
1401,56허5155,GREENYELLOW,OLD,0.912,2026-09-16 16:20:26,CAM_01,,1,demo
1402,56허5155,GREENYELLOW,OLD,0.949,2026-09-16 17:38:26,CAM_01,,1,demo
1403,71수6565,WHITE,NEW,0.866,2026-09-16 16:24:36,CAM_01,,1,demo
1404,71수6565,WHITE,NEW,0.9,2026-09-16 18:01:36,CAM_01,,1,demo
1405,841노2127,WHITE,NEW,0.852,2026-09-16 16:32:16,CAM_01,,1,demo
1406,841노2127,WHITE,NEW,0.801,2026-09-16 17:51:16,CAM_01,,1,demo
1407,19도6142,WHITE,NEW,0.86,2026-09-16 16:52:21,CAM_01,,1,demo
1408,19도6142,WHITE,NEW,0.938,2026-09-16 17:46:21,CAM_01,,1,demo
1409,99허3193,WHITE,NEW,0.953,2026-09-16 17:24:22,CAM_01,,1,demo
1410,99허3193,WHITE,NEW,0.922,2026-09-16 17:29:22,CAM_01,,1,demo
1411,25고3650,WHITE,NEW,0.905,2026-09-16 17:25:47,CAM_01,,1,demo
1412,25고3650,WHITE,NEW,0.965,2026-09-16 19:57:47,CAM_01,,1,demo
1413,480로5501,WHITE,NEW,0.913,2026-09-16 17:34:02,CAM_01,,1,demo
1414,480로5501,WHITE,NEW,0.834,2026-09-16 18:19:02,CAM_01,,1,demo
1415,792토1108,WHITE,NEW,0.936,2026-09-16 18:22:09,CAM_01,,1,demo
1416,792토1108,WHITE,NEW,0.918,2026-09-16 19:42:09,CAM_01,,1,demo
1417,76다9364,WHITE,NEW,0.908,2026-09-16 18:59:51,CAM_01,,1,demo
1418,76다9364,WHITE,NEW,0.836,2026-09-16 19:36:51,CAM_01,,1,demo
1419,86마5310,GREENYELLOW,OLD,0.921,2026-09-16 20:00:51,CAM_01,,1,demo
1420,86마5310,GREENYELLOW,OLD,0.858,2026-09-16 21:43:51,CAM_01,,1,demo
1421,13더2106,WHITE,NEW,0.929,2026-09-16 20:29:43,CAM_01,,1,demo
1422,13더2106,WHITE,NEW,0.868,2026-09-16 20:34:43,CAM_01,,1,demo
1423,941바4548,WHITE,NEW,0.883,2026-09-16 20:40:01,CAM_01,,1,demo
1424,941바4548,WHITE,NEW,0.854,2026-09-17 00:11:01,CAM_01,,1,demo
1425,785터4281,WHITE,NEW,0.854,2026-09-16 20:49:25,CAM_01,,1,demo
1426,785터4281,WHITE,NEW,0.98,2026-09-16 22:18:25,CAM_01,,1,demo
1427,165커8668,WHITE,NEW,0.937,2026-09-17 07:08:46,CAM_01,,1,demo
1428,165커8668,WHITE,NEW,0.974,2026-09-17 16:34:46,CAM_01,,1,demo
1429,14하4811,WHITE,NEW,0.921,2026-09-17 07:20:23,CAM_01,,1,demo
1430,14하4811,WHITE,NEW,0.798,2026-09-17 15:47:23,CAM_01,,1,demo
1431,18우5741,WHITE,NEW,0.946,2026-09-17 07:25:06,CAM_01,,1,demo
1432,18우5741,WHITE,NEW,0.958,2026-09-17 16:33:06,CAM_01,,1,demo
1433,384포6977,WHITE,NEW,0.815,2026-09-17 07:28:47,CAM_01,,1,demo
1434,384포6977,WHITE,NEW,0.83,2026-09-17 16:18:47,CAM_01,,1,demo
1435,91부5506,WHITE,NEW,0.909,2026-09-17 07:32:22,CAM_01,,1,demo
1436,91부5506,WHITE,NEW,0.798,2026-09-17 16:45:22,CAM_01,,1,demo
1437,40조2290,WHITE,NEW,0.977,2026-09-17 07:42:22,CAM_01,,1,demo
1438,40조2290,WHITE,NEW,0.95,2026-09-17 17:53:22,CAM_01,,1,demo
1439,96초7912,WHITE,NEW,0.98,2026-09-17 07:43:13,CAM_01,,1,demo
1440,96초7912,WHITE,NEW,0.922,2026-09-17 15:28:13,CAM_01,,1,demo
1441,74오4257,GREENYELLOW,OLD,0.826,2026-09-17 08:17:30,CAM_01,,1,demo
1442,74오4257,GREENYELLOW,OLD,0.885,2026-09-17 16:51:30,CAM_01,,1,demo
1443,479하5374,WHITE,NEW,0.929,2026-09-17 08:23:35,CAM_01,,1,demo
1444,479하5374,WHITE,NEW,0.892,2026-09-17 15:09:35,CAM_01,,1,demo
1445,28너9830,WHITE,NEW,0.803,2026-09-17 08:26:40,CAM_01,,1,demo
1446,28너9830,WHITE,NEW,0.82,2026-09-17 16:57:40,CAM_01,,1,demo
1447,41부2679,WHITE,NEW,0.801,2026-09-17 08:29:07,CAM_01,,1,demo
1448,41부2679,WHITE,NEW,0.869,2026-09-17 17:17:07,CAM_01,,1,demo
1449,771터8517,WHITE,NEW,0.866,2026-09-17 08:29:40,CAM_01,,1,demo
1450,771터8517,WHITE,NEW,0.989,2026-09-17 20:43:40,CAM_01,,1,demo
1451,227바5803,WHITE,NEW,0.975,2026-09-17 08:30:51,CAM_01,,1,demo
1452,227바5803,WHITE,NEW,0.99,2026-09-17 19:23:51,CAM_01,,1,demo
1453,85수3615,GREENYELLOW,OLD,0.93,2026-09-17 08:31:27,CAM_01,,1,demo
1454,85수3615,GREENYELLOW,OLD,0.789,2026-09-17 18:25:27,CAM_01,,1,demo
1455,72처6038,WHITE,NEW,0.832,2026-09-17 08:33:53,CAM_01,,1,demo
1456,72처6038,WHITE,NEW,0.975,2026-09-17 19:06:53,CAM_01,,1,demo
1457,199푸6635,WHITE,NEW,0.972,2026-09-17 08:35:27,CAM_01,,1,demo
1458,199푸6635,WHITE,NEW,0.817,2026-09-17 18:35:27,CAM_01,,1,demo
1459,849쿠2133,WHITE,NEW,0.825,2026-09-17 08:35:28,CAM_01,,1,demo
1460,849쿠2133,WHITE,NEW,0.854,2026-09-17 16:53:28,CAM_01,,1,demo
1461,881사2519,WHITE,NEW,0.894,2026-09-17 08:36:43,CAM_01,,1,demo
1462,881사2519,WHITE,NEW,0.816,2026-09-17 18:01:43,CAM_01,,1,demo
1463,78자8787,YELLOW,NEW,0.864,2026-09-17 08:37:38,CAM_01,,1,demo
1464,78자8787,YELLOW,NEW,0.923,2026-09-17 15:32:38,CAM_01,,1,demo
1465,87처3646,WHITE,NEW,0.962,2026-09-17 08:39:09,CAM_01,,1,demo
1466,87처3646,WHITE,NEW,0.96,2026-09-17 18:13:09,CAM_01,,1,demo
1467,56모9085,WHITE,NEW,0.892,2026-09-17 08:41:18,CAM_01,,1,demo
1468,56모9085,WHITE,NEW,0.836,2026-09-17 18:24:18,CAM_01,,1,demo
1469,17추6168,WHITE,NEW,0.92,2026-09-17 08:49:18,CAM_01,,1,demo
1470,17추6168,WHITE,NEW,0.863,2026-09-17 16:46:18,CAM_01,,1,demo
1471,733조4150,GREENYELLOW,OLD,0.977,2026-09-17 08:50:31,CAM_01,,1,demo
1472,733조4150,GREENYELLOW,OLD,0.981,2026-09-17 18:15:31,CAM_01,,1,demo
1473,400카8433,WHITE,NEW,0.97,2026-09-17 09:06:06,CAM_01,,1,demo
1474,400카8433,WHITE,NEW,0.976,2026-09-17 19:34:06,CAM_01,,1,demo
1475,99코3803,GREENYELLOW,OLD,0.961,2026-09-17 09:07:22,CAM_01,,1,demo
1476,99코3803,GREENYELLOW,OLD,0.792,2026-09-17 17:29:22,CAM_01,,1,demo
1477,532러3547,WHITE,NEW,0.887,2026-09-17 09:17:28,CAM_01,,1,demo
1478,532러3547,WHITE,NEW,0.843,2026-09-17 20:52:28,CAM_01,,1,demo
1479,21후2796,WHITE,NEW,0.866,2026-09-17 09:17:56,CAM_01,,1,demo
1480,21후2796,WHITE,NEW,0.932,2026-09-17 15:48:56,CAM_01,,1,demo
1481,79코6310,WHITE,NEW,0.802,2026-09-17 09:19:14,CAM_01,,1,demo
1482,79코6310,WHITE,NEW,0.87,2026-09-17 18:40:14,CAM_01,,1,demo
1483,29주7916,WHITE,NEW,0.901,2026-09-17 09:26:10,CAM_01,,1,demo
1484,29주7916,WHITE,NEW,0.969,2026-09-17 19:46:10,CAM_01,,1,demo
1485,839모3927,WHITE,NEW,0.973,2026-09-17 09:35:03,CAM_01,,1,demo
1486,839모3927,WHITE,NEW,0.781,2026-09-17 20:24:03,CAM_01,,1,demo
1487,864초7543,WHITE,NEW,0.848,2026-09-17 09:54:58,CAM_01,,1,demo
1488,864초7543,WHITE,NEW,0.879,2026-09-17 20:02:58,CAM_01,,1,demo
1489,61하6155,WHITE,NEW,0.869,2026-09-17 09:56:05,CAM_01,,1,demo
1490,61하6155,WHITE,NEW,0.967,2026-09-17 21:02:05,CAM_01,,1,demo
1491,654노1011,WHITE,NEW,0.851,2026-09-17 11:18:52,CAM_01,,1,demo
1492,654노1011,WHITE,NEW,0.988,2026-09-17 12:56:52,CAM_01,,1,demo
1493,181포4924,WHITE,NEW,0.883,2026-09-17 11:47:41,CAM_01,,1,demo
1494,181포4924,WHITE,NEW,0.809,2026-09-17 12:16:41,CAM_01,,1,demo
1495,22도7375,WHITE,NEW,0.801,2026-09-17 11:47:49,CAM_01,,1,demo
1496,22도7375,WHITE,NEW,0.966,2026-09-17 14:13:49,CAM_01,,1,demo
1497,29가9574,WHITE,NEW,0.821,2026-09-17 12:05:28,CAM_01,,1,demo
1498,29가9574,WHITE,NEW,0.84,2026-09-17 12:58:28,CAM_01,,1,demo
1499,322퍼6104,WHITE,NEW,0.88,2026-09-17 12:09:00,CAM_01,,1,demo
1500,322퍼6104,WHITE,NEW,0.85,2026-09-17 13:15:00,CAM_01,,1,demo
1501,90저3521,WHITE,NEW,0.927,2026-09-17 12:31:05,CAM_01,,1,demo
1502,90저3521,WHITE,NEW,0.979,2026-09-17 13:24:05,CAM_01,,1,demo
1503,34차1813,YELLOW,NEW,0.987,2026-09-17 12:39:31,CAM_01,,1,demo
1504,34차1813,YELLOW,NEW,0.805,2026-09-17 13:23:31,CAM_01,,1,demo
1505,313투2310,WHITE,NEW,0.894,2026-09-17 12:45:04,CAM_01,,1,demo
1506,313투2310,WHITE,NEW,0.923,2026-09-17 13:10:04,CAM_01,,1,demo
1507,938파9586,WHITE,NEW,0.943,2026-09-17 13:04:42,CAM_01,,1,demo
1508,938파9586,WHITE,NEW,0.944,2026-09-17 13:09:42,CAM_01,,1,demo
1509,601라7002,WHITE,NEW,0.938,2026-09-17 14:06:02,CAM_01,,1,demo
1510,601라7002,WHITE,NEW,0.936,2026-09-17 14:11:02,CAM_01,,1,demo
1511,655파4057,WHITE,NEW,0.825,2026-09-17 14:28:35,CAM_01,,1,demo
1512,655파4057,WHITE,NEW,0.981,2026-09-17 17:08:35,CAM_01,,1,demo
1513,941주1955,WHITE,NEW,0.824,2026-09-17 14:40:03,CAM_01,,1,demo
1514,941주1955,WHITE,NEW,0.852,2026-09-17 14:51:03,CAM_01,,1,demo
1515,417도9841,WHITE,NEW,0.93,2026-09-17 14:40:40,CAM_01,,1,demo
1516,417도9841,WHITE,NEW,0.791,2026-09-17 16:21:40,CAM_01,,1,demo
1517,926머9715,WHITE,NEW,0.882,2026-09-17 14:51:58,CAM_01,,1,demo
1518,926머9715,WHITE,NEW,0.905,2026-09-17 16:43:58,CAM_01,,1,demo
1519,26파2753,WHITE,NEW,0.891,2026-09-17 15:04:02,CAM_01,,1,demo
1520,26파2753,WHITE,NEW,0.839,2026-09-17 16:59:02,CAM_01,,1,demo
1521,86마9702,WHITE,NEW,0.882,2026-09-17 15:20:46,CAM_01,,1,demo
1522,86마9702,WHITE,NEW,0.91,2026-09-17 15:25:46,CAM_01,,1,demo
1523,98처2466,WHITE,NEW,0.836,2026-09-17 15:44:30,CAM_01,,1,demo
1524,98처2466,WHITE,NEW,0.839,2026-09-17 17:40:30,CAM_01,,1,demo
1525,16아4866,WHITE,NEW,0.85,2026-09-17 16:12:23,CAM_01,,1,demo
1526,16아4866,WHITE,NEW,0.927,2026-09-17 18:42:23,CAM_01,,1,demo
1527,15더8884,WHITE,NEW,0.882,2026-09-17 16:19:59,CAM_01,,1,demo
1528,15더8884,WHITE,NEW,0.88,2026-09-17 16:56:59,CAM_01,,1,demo
1529,25가1688,WHITE,NEW,0.82,2026-09-17 16:20:00,CAM_01,,1,demo
1530,25가1688,WHITE,NEW,0.933,2026-09-17 17:58:00,CAM_01,,1,demo
1531,917코4788,WHITE,NEW,0.836,2026-09-17 16:31:48,CAM_01,,1,demo
1532,917코4788,WHITE,NEW,0.96,2026-09-17 17:37:48,CAM_01,,1,demo
1533,756아2577,WHITE,NEW,0.828,2026-09-17 16:49:35,CAM_01,,1,demo
1534,756아2577,WHITE,NEW,0.805,2026-09-17 18:31:35,CAM_01,,1,demo
1535,70투5097,WHITE,NEW,0.852,2026-09-17 17:04:34,CAM_01,,1,demo
1536,70투5097,WHITE,NEW,0.82,2026-09-17 18:43:34,CAM_01,,1,demo
1537,55더1646,WHITE,NEW,0.803,2026-09-17 17:28:46,CAM_01,,1,demo
1538,55더1646,WHITE,NEW,0.822,2026-09-17 19:15:46,CAM_01,,1,demo
1539,52라5366,GREENYELLOW,OLD,0.872,2026-09-17 17:31:23,CAM_01,,1,demo
1540,52라5366,GREENYELLOW,OLD,0.89,2026-09-17 17:36:23,CAM_01,,1,demo
1541,977우4912,WHITE,NEW,0.986,2026-09-17 17:32:24,CAM_01,,1,demo
1542,977우4912,WHITE,NEW,0.827,2026-09-17 18:34:24,CAM_01,,1,demo
1543,521터5094,WHITE,NEW,0.812,2026-09-17 17:35:23,CAM_01,,1,demo
1544,521터5094,WHITE,NEW,0.87,2026-09-17 18:51:23,CAM_01,,1,demo
1545,26서6690,WHITE,NEW,0.821,2026-09-17 17:50:06,CAM_01,,1,demo
1546,26서6690,WHITE,NEW,0.856,2026-09-17 18:14:06,CAM_01,,1,demo
1547,15투5979,GREENYELLOW,OLD,0.935,2026-09-17 18:17:33,CAM_01,,1,demo
1548,15투5979,GREENYELLOW,OLD,0.832,2026-09-17 20:47:33,CAM_01,,1,demo
1549,213토8418,GREENYELLOW,OLD,0.835,2026-09-17 18:26:12,CAM_01,,1,demo
1550,213토8418,GREENYELLOW,OLD,0.78,2026-09-17 20:04:12,CAM_01,,1,demo
1551,494너1549,WHITE,NEW,0.861,2026-09-17 18:53:00,CAM_01,,1,demo
1552,494너1549,WHITE,NEW,0.84,2026-09-17 21:21:00,CAM_01,,1,demo
1553,393소1136,WHITE,NEW,0.915,2026-09-17 18:54:08,CAM_01,,1,demo
1554,393소1136,WHITE,NEW,0.87,2026-09-17 21:06:08,CAM_01,,1,demo
1555,832무1134,WHITE,NEW,0.893,2026-09-17 20:01:11,CAM_01,,1,demo
1556,832무1134,WHITE,NEW,0.85,2026-09-17 22:04:11,CAM_01,,1,demo
1557,99코3803,WHITE,NEW,0.927,2026-09-18 07:02:29,CAM_01,,1,demo
1558,99코3803,WHITE,NEW,0.923,2026-09-18 16:13:29,CAM_01,,1,demo
1559,818거8359,WHITE,NEW,0.825,2026-09-18 07:10:50,CAM_01,,1,demo
1560,818거8359,WHITE,NEW,0.856,2026-09-18 17:08:50,CAM_01,,1,demo
1561,400카8433,WHITE,NEW,0.941,2026-09-18 07:14:27,CAM_01,,1,demo
1562,400카8433,WHITE,NEW,0.904,2026-09-18 11:58:27,CAM_01,,1,demo
1563,18우5741,WHITE,NEW,0.845,2026-09-18 07:18:38,CAM_01,,1,demo
1564,18우5741,WHITE,NEW,0.838,2026-09-18 17:26:38,CAM_01,,1,demo
1565,61하6155,WHITE,NEW,0.817,2026-09-18 07:38:41,CAM_01,,1,demo
1566,61하6155,WHITE,NEW,0.802,2026-09-18 14:20:41,CAM_01,,1,demo
1567,21후2796,WHITE,NEW,0.914,2026-09-18 07:40:49,CAM_01,,1,demo
1568,21후2796,WHITE,NEW,0.789,2026-09-18 16:39:49,CAM_01,,1,demo
1569,849쿠2133,YELLOW,NEW,0.968,2026-09-18 08:04:17,CAM_01,,1,demo
1570,849쿠2133,YELLOW,NEW,0.952,2026-09-18 17:37:17,CAM_01,,1,demo
1571,87처3646,WHITE,NEW,0.885,2026-09-18 08:05:25,CAM_01,,1,demo
1572,87처3646,WHITE,NEW,0.801,2026-09-18 18:52:25,CAM_01,,1,demo
1573,58누6313,GREENYELLOW,OLD,0.918,2026-09-18 08:05:36,CAM_01,,1,demo
1574,58누6313,GREENYELLOW,OLD,0.843,2026-09-18 16:41:36,CAM_01,,1,demo
1575,165커8668,WHITE,NEW,0.945,2026-09-18 08:09:03,CAM_01,,1,demo
1576,165커8668,WHITE,NEW,0.892,2026-09-18 15:05:03,CAM_01,,1,demo
1577,384포6977,WHITE,NEW,0.824,2026-09-18 08:13:54,CAM_01,,1,demo
1578,384포6977,WHITE,NEW,0.868,2026-09-18 17:37:54,CAM_01,,1,demo
1579,78카8573,WHITE,NEW,0.969,2026-09-18 08:16:23,CAM_01,,1,demo
1580,78카8573,WHITE,NEW,0.939,2026-09-18 18:28:23,CAM_01,,1,demo
1581,91부5506,WHITE,NEW,0.906,2026-09-18 08:33:06,CAM_01,,1,demo
1582,91부5506,WHITE,NEW,0.853,2026-09-18 18:45:06,CAM_01,,1,demo
1583,41부2679,WHITE,NEW,0.92,2026-09-18 08:33:42,CAM_01,,1,demo
1584,41부2679,WHITE,NEW,0.805,2026-09-18 18:31:42,CAM_01,,1,demo
1585,29주7916,WHITE,NEW,0.892,2026-09-18 08:34:36,CAM_01,,1,demo
1586,29주7916,WHITE,NEW,0.89,2026-09-18 17:31:36,CAM_01,,1,demo
1587,85수3615,YELLOW,NEW,0.95,2026-09-18 08:34:38,CAM_01,,1,demo
1588,85수3615,YELLOW,NEW,0.815,2026-09-18 19:16:38,CAM_01,,1,demo
1589,72처6038,WHITE,NEW,0.984,2026-09-18 08:35:39,CAM_01,,1,demo
1590,72처6038,WHITE,NEW,0.841,2026-09-18 18:02:39,CAM_01,,1,demo
1591,96초7912,YELLOW,NEW,0.812,2026-09-18 08:35:47,CAM_01,,1,demo
1592,96초7912,YELLOW,NEW,0.984,2026-09-18 15:35:47,CAM_01,,1,demo
1593,87무8527,WHITE,NEW,0.955,2026-09-18 08:36:34,CAM_01,,1,demo
1594,87무8527,WHITE,NEW,0.884,2026-09-18 18:30:34,CAM_01,,1,demo
1595,17추6168,WHITE,NEW,0.898,2026-09-18 08:46:04,CAM_01,,1,demo
1596,17추6168,WHITE,NEW,0.796,2026-09-18 17:39:04,CAM_01,,1,demo
1597,79코6310,WHITE,NEW,0.897,2026-09-18 08:48:08,CAM_01,,1,demo
1598,79코6310,WHITE,NEW,0.898,2026-09-18 17:08:08,CAM_01,,1,demo
1599,532러3547,WHITE,NEW,0.915,2026-09-18 08:57:20,CAM_01,,1,demo
1600,532러3547,WHITE,NEW,0.823,2026-09-18 13:26:20,CAM_01,,1,demo
1601,479하5374,WHITE,NEW,0.909,2026-09-18 08:58:35,CAM_01,,1,demo
1602,479하5374,WHITE,NEW,0.904,2026-09-18 16:21:35,CAM_01,,1,demo
1603,771터8517,WHITE,NEW,0.976,2026-09-18 09:05:49,CAM_01,,1,demo
1604,771터8517,WHITE,NEW,0.888,2026-09-18 20:50:49,CAM_01,,1,demo
1605,839모3927,WHITE,NEW,0.937,2026-09-18 09:09:08,CAM_01,,1,demo
1606,839모3927,WHITE,NEW,0.834,2026-09-18 17:36:08,CAM_01,,1,demo
1607,305라8617,GREENYELLOW,OLD,0.856,2026-09-18 09:10:03,CAM_01,,1,demo
1608,305라8617,GREENYELLOW,OLD,0.836,2026-09-18 10:35:03,CAM_01,,1,demo
1609,28너9830,WHITE,NEW,0.843,2026-09-18 09:26:59,CAM_01,,1,demo
1610,28너9830,WHITE,NEW,0.892,2026-09-18 19:39:59,CAM_01,,1,demo
1611,733조4150,WHITE,NEW,0.922,2026-09-18 09:28:25,CAM_01,,1,demo
1612,733조4150,WHITE,NEW,0.978,2026-09-18 21:17:25,CAM_01,,1,demo
1613,74오4257,WHITE,NEW,0.825,2026-09-18 09:44:42,CAM_01,,1,demo
1614,74오4257,WHITE,NEW,0.963,2026-09-18 18:10:42,CAM_01,,1,demo
1615,199푸6635,WHITE,NEW,0.986,2026-09-18 09:52:46,CAM_01,,1,demo
1616,199푸6635,WHITE,NEW,0.988,2026-09-18 17:37:46,CAM_01,,1,demo
1617,114두2823,WHITE,NEW,0.822,2026-09-18 10:03:15,CAM_01,,1,demo
1618,114두2823,WHITE,NEW,0.916,2026-09-18 13:28:15,CAM_01,,1,demo
1619,56서6644,WHITE,NEW,0.985,2026-09-18 10:26:27,CAM_01,,1,demo
1620,56서6644,WHITE,NEW,0.848,2026-09-18 10:48:27,CAM_01,,1,demo
1621,27허3378,GREENYELLOW,OLD,0.968,2026-09-18 11:08:37,CAM_01,,1,demo
1622,27허3378,GREENYELLOW,OLD,0.835,2026-09-18 11:13:37,CAM_01,,1,demo
1623,52하9952,WHITE,NEW,0.971,2026-09-18 12:30:01,CAM_01,,1,demo
1624,52하9952,WHITE,NEW,0.842,2026-09-18 13:01:01,CAM_01,,1,demo
1625,76퍼4938,YELLOW,NEW,0.919,2026-09-18 13:25:42,CAM_01,,1,demo
1626,76퍼4938,YELLOW,NEW,0.782,2026-09-18 15:43:42,CAM_01,,1,demo
1627,304차2405,WHITE,NEW,0.939,2026-09-18 14:59:52,CAM_01,,1,demo
1628,304차2405,WHITE,NEW,0.839,2026-09-18 19:01:52,CAM_01,,1,demo
1629,941토3389,WHITE,NEW,0.803,2026-09-18 15:01:49,CAM_01,,1,demo
1630,941토3389,WHITE,NEW,0.918,2026-09-18 15:15:49,CAM_01,,1,demo
1631,28커9631,GREENYELLOW,OLD,0.978,2026-09-18 15:16:35,CAM_01,,1,demo
1632,28커9631,GREENYELLOW,OLD,0.902,2026-09-18 15:21:35,CAM_01,,1,demo
1633,437소3158,WHITE,NEW,0.931,2026-09-18 15:27:19,CAM_01,,1,demo
1634,437소3158,WHITE,NEW,0.979,2026-09-18 17:55:19,CAM_01,,1,demo
1635,94나5792,WHITE,NEW,0.919,2026-09-18 16:00:04,CAM_01,,1,demo
1636,94나5792,WHITE,NEW,0.907,2026-09-18 16:38:04,CAM_01,,1,demo
1637,74포5221,WHITE,NEW,0.884,2026-09-18 16:22:40,CAM_01,,1,demo
1638,74포5221,WHITE,NEW,0.848,2026-09-18 16:32:40,CAM_01,,1,demo
1639,30오9732,WHITE,NEW,0.92,2026-09-18 16:36:58,CAM_01,,1,demo
1640,30오9732,WHITE,NEW,0.96,2026-09-18 17:23:58,CAM_01,,1,demo
1641,68다5053,WHITE,NEW,0.885,2026-09-18 18:34:05,CAM_01,,1,demo
1642,68다5053,WHITE,NEW,0.933,2026-09-18 20:16:05,CAM_01,,1,demo
1643,39서8940,WHITE,NEW,0.828,2026-09-18 18:41:24,CAM_01,,1,demo
1644,39서8940,WHITE,NEW,0.881,2026-09-18 20:26:24,CAM_01,,1,demo
1645,668거3485,WHITE,NEW,0.887,2026-09-18 18:56:52,CAM_01,,1,demo
1646,668거3485,WHITE,NEW,0.951,2026-09-18 23:19:52,CAM_01,,1,demo
1647,72나6681,WHITE,NEW,0.908,2026-09-18 19:19:21,CAM_01,,1,demo
1648,72나6681,WHITE,NEW,0.978,2026-09-18 21:39:21,CAM_01,,1,demo
1649,44코4804,WHITE,NEW,0.854,2026-09-19 10:11:01,CAM_01,,1,demo
1650,44코4804,WHITE,NEW,0.845,2026-09-19 11:32:01,CAM_01,,1,demo
1651,523버8258,GREENYELLOW,OLD,0.955,2026-09-19 11:53:56,CAM_01,,1,demo
1652,523버8258,GREENYELLOW,OLD,0.924,2026-09-19 13:16:56,CAM_01,,1,demo
1653,804자9230,WHITE,NEW,0.827,2026-09-19 12:01:22,CAM_01,,1,demo
1654,804자9230,WHITE,NEW,0.87,2026-09-19 12:06:22,CAM_01,,1,demo
1655,856차4079,WHITE,NEW,0.923,2026-09-19 17:52:57,CAM_01,,1,demo
1656,856차4079,WHITE,NEW,0.865,2026-09-19 19:18:57,CAM_01,,1,demo
1657,603자3683,WHITE,NEW,0.826,2026-09-19 18:30:45,CAM_01,,1,demo
1658,603자3683,WHITE,NEW,0.938,2026-09-19 19:22:45,CAM_01,,1,demo
1659,376거4323,WHITE,NEW,0.819,2026-09-20 12:26:48,CAM_01,,1,demo
1660,376거4323,WHITE,NEW,0.861,2026-09-20 13:10:48,CAM_01,,1,demo
1661,14고8485,WHITE,NEW,0.803,2026-09-20 13:47:36,CAM_01,,1,demo
1662,14고8485,WHITE,NEW,0.954,2026-09-20 14:01:36,CAM_01,,1,demo
1663,88노8400,GREENYELLOW,OLD,0.825,2026-09-20 14:27:18,CAM_01,,1,demo
1664,88노8400,GREENYELLOW,OLD,0.942,2026-09-20 15:28:18,CAM_01,,1,demo
1665,550버5684,WHITE,NEW,0.978,2026-09-20 15:33:48,CAM_01,,1,demo
1666,550버5684,WHITE,NEW,0.906,2026-09-20 16:34:48,CAM_01,,1,demo
1667,601후8496,WHITE,NEW,0.802,2026-09-20 17:04:11,CAM_01,,1,demo
1668,601후8496,WHITE,NEW,0.946,2026-09-20 20:55:11,CAM_01,,1,demo
1669,631부1643,WHITE,NEW,0.955,2026-09-20 18:02:56,CAM_01,,1,demo
1670,631부1643,WHITE,NEW,0.959,2026-09-20 18:36:56,CAM_01,,1,demo
1671,722무6126,WHITE,NEW,0.826,2026-09-20 18:27:25,CAM_01,,1,demo
1672,722무6126,WHITE,NEW,0.94,2026-09-20 18:32:25,CAM_01,,1,demo
1673,771터8517,GREENYELLOW,OLD,0.955,2026-09-21 07:03:06,CAM_01,,1,demo
1674,771터8517,GREENYELLOW,OLD,0.845,2026-09-21 13:54:06,CAM_01,,1,demo
1675,532러3547,WHITE,NEW,0.846,2026-09-21 07:05:07,CAM_01,,1,demo
1676,532러3547,WHITE,NEW,0.894,2026-09-21 15:50:07,CAM_01,,1,demo
1677,56모9085,WHITE,NEW,0.903,2026-09-21 07:05:49,CAM_01,,1,demo
1678,56모9085,WHITE,NEW,0.784,2026-09-21 15:58:49,CAM_01,,1,demo
1679,91부5506,WHITE,NEW,0.903,2026-09-21 07:11:49,CAM_01,,1,demo
1680,91부5506,WHITE,NEW,0.802,2026-09-21 13:47:49,CAM_01,,1,demo
1681,18우5741,GREENYELLOW,OLD,0.879,2026-09-21 07:26:19,CAM_01,,1,demo
1682,18우5741,GREENYELLOW,OLD,0.78,2026-09-21 15:49:19,CAM_01,,1,demo
1683,649우6573,WHITE,NEW,0.843,2026-09-21 07:36:46,CAM_01,,1,demo
1684,649우6573,WHITE,NEW,0.861,2026-09-21 18:45:46,CAM_01,,1,demo
1685,78카8573,WHITE,NEW,0.855,2026-09-21 07:38:38,CAM_01,,1,demo
1686,78카8573,WHITE,NEW,0.974,2026-09-21 16:03:38,CAM_01,,1,demo
1687,21후2796,WHITE,NEW,0.93,2026-09-21 07:48:27,CAM_01,,1,demo
1688,21후2796,WHITE,NEW,0.93,2026-09-21 18:30:27,CAM_01,,1,demo
1689,384포6977,GREENYELLOW,OLD,0.893,2026-09-21 08:00:39,CAM_01,,1,demo
1690,384포6977,GREENYELLOW,OLD,0.988,2026-09-21 17:21:39,CAM_01,,1,demo
1691,17추6168,WHITE,NEW,0.982,2026-09-21 08:03:41,CAM_01,,1,demo
1692,17추6168,WHITE,NEW,0.839,2026-09-21 16:23:41,CAM_01,,1,demo
1693,20후2654,WHITE,NEW,0.863,2026-09-21 08:07:57,CAM_01,,1,demo
1694,20후2654,WHITE,NEW,0.856,2026-09-21 19:50:57,CAM_01,,1,demo
1695,28너9830,GREENYELLOW,OLD,0.816,2026-09-21 08:10:43,CAM_01,,1,demo
1696,28너9830,GREENYELLOW,OLD,0.789,2026-09-21 17:01:43,CAM_01,,1,demo
1697,733조4150,WHITE,NEW,0.881,2026-09-21 08:10:55,CAM_01,,1,demo
1698,733조4150,WHITE,NEW,0.85,2026-09-21 19:14:55,CAM_01,,1,demo
1699,72처6038,WHITE,NEW,0.881,2026-09-21 08:12:00,CAM_01,,1,demo
1700,72처6038,WHITE,NEW,0.968,2026-09-21 18:46:00,CAM_01,,1,demo
1701,87무8527,WHITE,NEW,0.919,2026-09-21 08:24:35,CAM_01,,1,demo
1702,87무8527,WHITE,NEW,0.84,2026-09-21 15:51:35,CAM_01,,1,demo
1703,400카8433,GREENYELLOW,OLD,0.852,2026-09-21 08:27:38,CAM_01,,1,demo
1704,400카8433,GREENYELLOW,OLD,0.885,2026-09-21 17:32:38,CAM_01,,1,demo
1705,96초7912,WHITE,NEW,0.85,2026-09-21 08:29:37,CAM_01,,1,demo
1706,96초7912,WHITE,NEW,0.97,2026-09-21 20:21:37,CAM_01,,1,demo
1707,864초7543,WHITE,NEW,0.95,2026-09-21 08:29:47,CAM_01,,1,demo
1708,864초7543,WHITE,NEW,0.961,2026-09-21 19:58:47,CAM_01,,1,demo
1709,58누6313,YELLOW,NEW,0.948,2026-09-21 08:39:40,CAM_01,,1,demo
1710,58누6313,YELLOW,NEW,0.811,2026-09-21 15:21:40,CAM_01,,1,demo
1711,77누2876,WHITE,NEW,0.885,2026-09-21 08:44:13,CAM_01,,1,demo
1712,77누2876,WHITE,NEW,0.947,2026-09-21 16:56:13,CAM_01,,1,demo
1713,74오4257,YELLOW,NEW,0.955,2026-09-21 08:44:41,CAM_01,,1,demo
1714,74오4257,YELLOW,NEW,0.804,2026-09-21 16:08:41,CAM_01,,1,demo
1715,61하6155,WHITE,NEW,0.938,2026-09-21 08:54:02,CAM_01,,1,demo
1716,61하6155,WHITE,NEW,0.81,2026-09-21 16:48:02,CAM_01,,1,demo
1717,79코6310,WHITE,NEW,0.824,2026-09-21 08:56:39,CAM_01,,1,demo
1718,79코6310,WHITE,NEW,0.941,2026-09-21 17:06:39,CAM_01,,1,demo
1719,208투9317,WHITE,NEW,0.894,2026-09-21 08:59:08,CAM_01,,1,demo
1720,208투9317,WHITE,NEW,0.881,2026-09-21 16:59:08,CAM_01,,1,demo
1721,165커8668,YELLOW,NEW,0.914,2026-09-21 09:08:07,CAM_01,,1,demo
1722,165커8668,YELLOW,NEW,0.914,2026-09-21 18:03:07,CAM_01,,1,demo
1723,99코3803,WHITE,NEW,0.979,2026-09-21 09:15:13,CAM_01,,1,demo
1724,99코3803,WHITE,NEW,0.974,2026-09-21 17:08:13,CAM_01,,1,demo
1725,78자8787,WHITE,NEW,0.904,2026-09-21 09:26:02,CAM_01,,1,demo
1726,78자8787,WHITE,NEW,0.893,2026-09-21 19:54:02,CAM_01,,1,demo
1727,41부2679,WHITE,NEW,0.902,2026-09-21 09:26:20,CAM_01,,1,demo
1728,41부2679,WHITE,NEW,0.828,2026-09-21 17:08:20,CAM_01,,1,demo
1729,389코3087,WHITE,NEW,0.936,2026-09-21 09:30:07,CAM_01,,1,demo
1730,389코3087,WHITE,NEW,0.891,2026-09-21 10:05:07,CAM_01,,1,demo
1731,479하5374,WHITE,NEW,0.954,2026-09-21 09:34:51,CAM_01,,1,demo
1732,479하5374,WHITE,NEW,0.826,2026-09-21 18:39:51,CAM_01,,1,demo
1733,881사2519,WHITE,NEW,0.869,2026-09-21 09:46:50,CAM_01,,1,demo
1734,881사2519,WHITE,NEW,0.823,2026-09-21 17:03:50,CAM_01,,1,demo
1735,64루8304,GREENYELLOW,OLD,0.869,2026-09-21 10:03:05,CAM_01,,1,demo
1736,64루8304,GREENYELLOW,OLD,0.88,2026-09-21 10:31:05,CAM_01,,1,demo
1737,15어8649,WHITE,NEW,0.821,2026-09-21 10:19:59,CAM_01,,1,demo
1738,15어8649,WHITE,NEW,0.971,2026-09-21 11:32:59,CAM_01,,1,demo
1739,16도1826,WHITE,NEW,0.961,2026-09-21 11:19:39,CAM_01,,1,demo
1740,16도1826,WHITE,NEW,0.944,2026-09-21 13:32:39,CAM_01,,1,demo
1741,907노8987,WHITE,NEW,0.887,2026-09-21 11:58:42,CAM_01,,1,demo
1742,907노8987,WHITE,NEW,0.955,2026-09-21 13:22:42,CAM_01,,1,demo
1743,417차2609,WHITE,NEW,0.977,2026-09-21 11:59:30,CAM_01,,1,demo
1744,417차2609,WHITE,NEW,0.868,2026-09-21 13:39:30,CAM_01,,1,demo
1745,51아6460,WHITE,NEW,0.843,2026-09-21 12:32:35,CAM_01,,1,demo
1746,51아6460,WHITE,NEW,0.937,2026-09-21 15:10:35,CAM_01,,1,demo
1747,125모3524,WHITE,NEW,0.932,2026-09-21 13:02:49,CAM_01,,1,demo
1748,125모3524,WHITE,NEW,0.81,2026-09-21 14:24:49,CAM_01,,1,demo
1749,645우8227,WHITE,NEW,0.932,2026-09-21 13:12:18,CAM_01,,1,demo
1750,645우8227,WHITE,NEW,0.869,2026-09-21 13:17:18,CAM_01,,1,demo
1751,821조5011,WHITE,NEW,0.82,2026-09-21 13:20:17,CAM_01,,1,demo
1752,821조5011,WHITE,NEW,0.902,2026-09-21 14:59:17,CAM_01,,1,demo
1753,298투6536,WHITE,NEW,0.913,2026-09-21 13:46:36,CAM_01,,1,demo
1754,298투6536,WHITE,NEW,0.813,2026-09-21 14:50:36,CAM_01,,1,demo
1755,388주2111,WHITE,NEW,0.827,2026-09-21 13:51:40,CAM_01,,1,demo
1756,388주2111,WHITE,NEW,0.831,2026-09-21 15:26:40,CAM_01,,1,demo
1757,573부1917,WHITE,NEW,0.958,2026-09-21 14:40:29,CAM_01,,1,demo
1758,573부1917,WHITE,NEW,0.867,2026-09-21 16:52:29,CAM_01,,1,demo
1759,99노6085,WHITE,NEW,0.889,2026-09-21 15:05:52,CAM_01,,1,demo
1760,99노6085,WHITE,NEW,0.809,2026-09-21 15:10:52,CAM_01,,1,demo
1761,89하9888,WHITE,NEW,0.98,2026-09-21 16:17:09,CAM_01,,1,demo
1762,89하9888,WHITE,NEW,0.879,2026-09-21 17:48:09,CAM_01,,1,demo
1763,95수8629,WHITE,NEW,0.884,2026-09-21 16:19:21,CAM_01,,1,demo
1764,95수8629,WHITE,NEW,0.915,2026-09-21 18:12:21,CAM_01,,1,demo
1765,247처7423,WHITE,NEW,0.821,2026-09-21 16:45:49,CAM_01,,1,demo
1766,247처7423,WHITE,NEW,0.793,2026-09-21 17:17:49,CAM_01,,1,demo
1767,720타2914,WHITE,NEW,0.915,2026-09-21 16:53:10,CAM_01,,1,demo
1768,720타2914,WHITE,NEW,0.816,2026-09-21 20:14:10,CAM_01,,1,demo
1769,45어7147,WHITE,NEW,0.875,2026-09-21 17:56:50,CAM_01,,1,demo
1770,45어7147,WHITE,NEW,0.869,2026-09-21 18:01:50,CAM_01,,1,demo
1771,691포4438,GREENYELLOW,OLD,0.886,2026-09-21 18:06:33,CAM_01,,1,demo
1772,691포4438,GREENYELLOW,OLD,0.929,2026-09-21 19:31:33,CAM_01,,1,demo
1773,96하6434,WHITE,NEW,0.909,2026-09-21 18:19:36,CAM_01,,1,demo
1774,96하6434,WHITE,NEW,0.844,2026-09-21 18:47:36,CAM_01,,1,demo
1775,321타2838,WHITE,NEW,0.977,2026-09-21 18:23:28,CAM_01,,1,demo
1776,321타2838,WHITE,NEW,0.837,2026-09-21 18:47:28,CAM_01,,1,demo
1777,570루9558,WHITE,NEW,0.872,2026-09-21 18:33:43,CAM_01,,1,demo
1778,570루9558,WHITE,NEW,0.98,2026-09-21 20:28:43,CAM_01,,1,demo
1779,378바9143,WHITE,NEW,0.876,2026-09-21 18:48:19,CAM_01,,1,demo
1780,378바9143,WHITE,NEW,0.792,2026-09-21 19:48:19,CAM_01,,1,demo
1781,70호3224,WHITE,NEW,0.956,2026-09-21 19:30:58,CAM_01,,1,demo
1782,70호3224,WHITE,NEW,0.985,2026-09-21 20:35:58,CAM_01,,1,demo
1783,61하6155,WHITE,NEW,0.815,2026-09-22 07:00:45,CAM_01,,1,demo
1784,61하6155,WHITE,NEW,0.925,2026-09-22 12:27:45,CAM_01,,1,demo
1785,29주7916,WHITE,NEW,0.924,2026-09-22 07:04:41,CAM_01,,1,demo
1786,29주7916,WHITE,NEW,0.865,2026-09-22 18:47:41,CAM_01,,1,demo
1787,733조4150,WHITE,NEW,0.81,2026-09-22 07:05:13,CAM_01,,1,demo
1788,733조4150,WHITE,NEW,0.858,2026-09-22 17:41:13,CAM_01,,1,demo
1789,40조2290,WHITE,NEW,0.851,2026-09-22 07:09:46,CAM_01,,1,demo
1790,40조2290,WHITE,NEW,0.802,2026-09-22 15:58:46,CAM_01,,1,demo
1791,881사2519,WHITE,NEW,0.948,2026-09-22 07:47:59,CAM_01,,1,demo
1792,881사2519,WHITE,NEW,0.85,2026-09-22 16:26:59,CAM_01,,1,demo
1793,20후2654,WHITE,NEW,0.831,2026-09-22 07:48:09,CAM_01,,1,demo
1794,20후2654,WHITE,NEW,0.802,2026-09-22 14:16:09,CAM_01,,1,demo
1795,96초7912,WHITE,NEW,0.802,2026-09-22 07:50:19,CAM_01,,1,demo
1796,96초7912,WHITE,NEW,0.971,2026-09-22 15:40:19,CAM_01,,1,demo
1797,72처6038,WHITE,NEW,0.838,2026-09-22 08:07:37,CAM_01,,1,demo
1798,72처6038,WHITE,NEW,0.975,2026-09-22 17:02:37,CAM_01,,1,demo
1799,32구8317,WHITE,NEW,0.816,2026-09-22 08:07:38,CAM_01,,1,demo
1800,32구8317,WHITE,NEW,0.9,2026-09-22 08:43:38,CAM_01,,1,demo
1801,818거8359,WHITE,NEW,0.987,2026-09-22 08:13:52,CAM_01,,1,demo
1802,818거8359,WHITE,NEW,0.882,2026-09-22 17:00:52,CAM_01,,1,demo
1803,479하5374,WHITE,NEW,0.818,2026-09-22 08:19:36,CAM_01,,1,demo
1804,479하5374,WHITE,NEW,0.845,2026-09-22 18:54:36,CAM_01,,1,demo
1805,87처3646,YELLOW,NEW,0.943,2026-09-22 08:26:59,CAM_01,,1,demo
1806,87처3646,YELLOW,NEW,0.981,2026-09-22 16:23:59,CAM_01,,1,demo
1807,532러3547,WHITE,NEW,0.86,2026-09-22 08:34:44,CAM_01,,1,demo
1808,532러3547,WHITE,NEW,0.862,2026-09-22 16:24:44,CAM_01,,1,demo
1809,14하4811,WHITE,NEW,0.825,2026-09-22 08:35:10,CAM_01,,1,demo
1810,14하4811,WHITE,NEW,0.922,2026-09-22 17:36:10,CAM_01,,1,demo
1811,56모9085,WHITE,NEW,0.97,2026-09-22 08:35:24,CAM_01,,1,demo
1812,56모9085,WHITE,NEW,0.886,2026-09-22 18:42:24,CAM_01,,1,demo
1813,864초7543,WHITE,NEW,0.947,2026-09-22 08:42:11,CAM_01,,1,demo
1814,864초7543,WHITE,NEW,0.785,2026-09-22 16:32:11,CAM_01,,1,demo
1815,771터8517,WHITE,NEW,0.891,2026-09-22 08:55:01,CAM_01,,1,demo
1816,771터8517,WHITE,NEW,0.962,2026-09-22 16:43:01,CAM_01,,1,demo
1817,21후2796,WHITE,NEW,0.831,2026-09-22 08:55:42,CAM_01,,1,demo
1818,21후2796,WHITE,NEW,0.923,2026-09-22 17:04:42,CAM_01,,1,demo
1819,165커8668,WHITE,NEW,0.919,2026-09-22 09:08:05,CAM_01,,1,demo
1820,165커8668,WHITE,NEW,0.98,2026-09-22 18:42:05,CAM_01,,1,demo
1821,87무8527,WHITE,NEW,0.841,2026-09-22 09:11:19,CAM_01,,1,demo
1822,87무8527,WHITE,NEW,0.923,2026-09-22 19:03:19,CAM_01,,1,demo
1823,227바5803,WHITE,NEW,0.937,2026-09-22 09:20:31,CAM_01,,1,demo
1824,227바5803,WHITE,NEW,0.989,2026-09-22 18:30:31,CAM_01,,1,demo
1825,199푸6635,WHITE,NEW,0.989,2026-09-22 09:20:35,CAM_01,,1,demo
1826,199푸6635,WHITE,NEW,0.908,2026-09-22 15:53:35,CAM_01,,1,demo
1827,839모3927,WHITE,NEW,0.946,2026-09-22 09:24:22,CAM_01,,1,demo
1828,839모3927,WHITE,NEW,0.874,2026-09-22 18:58:22,CAM_01,,1,demo
1829,400카8433,WHITE,NEW,0.855,2026-09-22 09:32:27,CAM_01,,1,demo
1830,400카8433,WHITE,NEW,0.911,2026-09-22 17:25:27,CAM_01,,1,demo
1831,384포6977,GREENYELLOW,OLD,0.808,2026-09-22 09:34:18,CAM_01,,1,demo
1832,384포6977,GREENYELLOW,OLD,0.93,2026-09-22 17:22:18,CAM_01,,1,demo
1833,28너9830,WHITE,NEW,0.845,2026-09-22 09:40:20,CAM_01,,1,demo
1834,28너9830,WHITE,NEW,0.989,2026-09-22 18:38:20,CAM_01,,1,demo
1835,78카8573,WHITE,NEW,0.982,2026-09-22 09:45:58,CAM_01,,1,demo
1836,78카8573,WHITE,NEW,0.899,2026-09-22 18:43:58,CAM_01,,1,demo
1837,91부5506,YELLOW,NEW,0.819,2026-09-22 09:52:45,CAM_01,,1,demo
1838,91부5506,YELLOW,NEW,0.783,2026-09-22 20:32:45,CAM_01,,1,demo
1839,58누6313,WHITE,NEW,0.859,2026-09-22 09:54:08,CAM_01,,1,demo
1840,58누6313,WHITE,NEW,0.962,2026-09-22 19:46:08,CAM_01,,1,demo
1841,208투9317,WHITE,NEW,0.97,2026-09-22 09:54:46,CAM_01,,1,demo
1842,208투9317,WHITE,NEW,0.885,2026-09-22 20:47:46,CAM_01,,1,demo
1843,77누2876,WHITE,NEW,0.832,2026-09-22 09:55:29,CAM_01,,1,demo
1844,77누2876,WHITE,NEW,0.842,2026-09-22 21:03:29,CAM_01,,1,demo
1845,730러5209,WHITE,NEW,0.91,2026-09-22 10:32:04,CAM_01,,1,demo
1846,730러5209,WHITE,NEW,0.854,2026-09-22 12:15:04,CAM_01,,1,demo
1847,767어5429,WHITE,NEW,0.935,2026-09-22 10:34:40,CAM_01,,1,demo
1848,767어5429,WHITE,NEW,0.877,2026-09-22 10:39:40,CAM_01,,1,demo
1849,552사1571,YELLOW,NEW,0.986,2026-09-22 10:34:49,CAM_01,,1,demo
1850,552사1571,YELLOW,NEW,0.94,2026-09-22 10:39:49,CAM_01,,1,demo
1851,895나9154,WHITE,NEW,0.976,2026-09-22 10:36:46,CAM_01,,1,demo
1852,895나9154,WHITE,NEW,0.977,2026-09-22 12:25:46,CAM_01,,1,demo
1853,88호9061,YELLOW,NEW,0.893,2026-09-22 10:59:12,CAM_01,,1,demo
1854,88호9061,YELLOW,NEW,0.856,2026-09-22 14:22:12,CAM_01,,1,demo
1855,255터1060,WHITE,NEW,0.878,2026-09-22 11:40:00,CAM_01,,1,demo
1856,255터1060,WHITE,NEW,0.91,2026-09-22 14:15:00,CAM_01,,1,demo
1857,82포8752,WHITE,NEW,0.884,2026-09-22 12:02:44,CAM_01,,1,demo
1858,82포8752,WHITE,NEW,0.888,2026-09-22 14:45:44,CAM_01,,1,demo
1859,932타8218,WHITE,NEW,0.86,2026-09-22 12:03:24,CAM_01,,1,demo
1860,932타8218,WHITE,NEW,0.798,2026-09-22 12:08:24,CAM_01,,1,demo
1861,698노4961,WHITE,NEW,0.886,2026-09-22 12:06:16,CAM_01,,1,demo
1862,698노4961,WHITE,NEW,0.964,2026-09-22 14:52:16,CAM_01,,1,demo
1863,33어2382,YELLOW,NEW,0.808,2026-09-22 13:11:16,CAM_01,,1,demo
1864,33어2382,YELLOW,NEW,0.985,2026-09-22 14:34:16,CAM_01,,1,demo
1865,474바8530,WHITE,NEW,0.95,2026-09-22 13:40:41,CAM_01,,1,demo
1866,474바8530,WHITE,NEW,0.927,2026-09-22 14:23:41,CAM_01,,1,demo
1867,531추5827,WHITE,NEW,0.829,2026-09-22 14:30:36,CAM_01,,1,demo
1868,531추5827,WHITE,NEW,0.802,2026-09-22 15:05:36,CAM_01,,1,demo
1869,88도2279,WHITE,NEW,0.908,2026-09-22 14:33:56,CAM_01,,1,demo
1870,88도2279,WHITE,NEW,0.959,2026-09-22 14:38:56,CAM_01,,1,demo
1871,585차9690,WHITE,NEW,0.966,2026-09-22 14:48:59,CAM_01,,1,demo
1872,585차9690,WHITE,NEW,0.921,2026-09-22 15:05:59,CAM_01,,1,demo
1873,546푸2148,WHITE,NEW,0.889,2026-09-22 14:49:31,CAM_01,,1,demo
1874,546푸2148,WHITE,NEW,0.892,2026-09-22 15:27:31,CAM_01,,1,demo
1875,224어5961,WHITE,NEW,0.821,2026-09-22 15:00:24,CAM_01,,1,demo
1876,224어5961,WHITE,NEW,0.818,2026-09-22 18:01:24,CAM_01,,1,demo
1877,94머8942,WHITE,NEW,0.982,2026-09-22 15:36:03,CAM_01,,1,demo
1878,94머8942,WHITE,NEW,0.863,2026-09-22 16:04:03,CAM_01,,1,demo
1879,14라4552,WHITE,NEW,0.876,2026-09-22 16:22:14,CAM_01,,1,demo
1880,14라4552,WHITE,NEW,0.794,2026-09-22 17:29:14,CAM_01,,1,demo
1881,53도8438,WHITE,NEW,0.915,2026-09-22 16:34:51,CAM_01,,1,demo
1882,53도8438,WHITE,NEW,0.825,2026-09-22 16:39:51,CAM_01,,1,demo
1883,51우2212,WHITE,NEW,0.822,2026-09-22 16:42:49,CAM_01,,1,demo
1884,51우2212,WHITE,NEW,0.875,2026-09-22 19:04:49,CAM_01,,1,demo
1885,11보2702,WHITE,NEW,0.98,2026-09-22 16:53:04,CAM_01,,1,demo
1886,11보2702,WHITE,NEW,0.811,2026-09-22 18:59:04,CAM_01,,1,demo
1887,575도5937,WHITE,NEW,0.908,2026-09-22 17:07:03,CAM_01,,1,demo
1888,575도5937,WHITE,NEW,0.987,2026-09-22 18:53:03,CAM_01,,1,demo
1889,691라5331,WHITE,NEW,0.812,2026-09-22 17:15:42,CAM_01,,1,demo
1890,691라5331,WHITE,NEW,0.95,2026-09-22 17:20:42,CAM_01,,1,demo
1891,284오1173,WHITE,NEW,0.986,2026-09-22 17:37:49,CAM_01,,1,demo
1892,284오1173,WHITE,NEW,0.825,2026-09-22 19:10:49,CAM_01,,1,demo
1893,491보1672,WHITE,NEW,0.804,2026-09-22 18:00:18,CAM_01,,1,demo
1894,491보1672,WHITE,NEW,0.939,2026-09-22 19:03:18,CAM_01,,1,demo
1895,25커4027,WHITE,NEW,0.848,2026-09-22 19:40:07,CAM_01,,1,demo
1896,25커4027,WHITE,NEW,0.817,2026-09-22 20:09:07,CAM_01,,1,demo
1897,754러7995,WHITE,NEW,0.852,2026-09-22 19:44:11,CAM_01,,1,demo
1898,754러7995,WHITE,NEW,0.797,2026-09-22 20:57:11,CAM_01,,1,demo
1899,957수7765,GREENYELLOW,OLD,0.886,2026-09-22 20:38:59,CAM_01,,1,demo
1900,957수7765,GREENYELLOW,OLD,0.868,2026-09-22 21:09:59,CAM_01,,1,demo
1901,74오4257,WHITE,NEW,0.97,2026-09-23 07:12:01,CAM_01,,1,demo
1902,74오4257,WHITE,NEW,0.819,2026-09-23 15:28:01,CAM_01,,1,demo
1903,208투9317,WHITE,NEW,0.97,2026-09-23 07:33:06,CAM_01,,1,demo
1904,208투9317,WHITE,NEW,0.87,2026-09-23 14:41:06,CAM_01,,1,demo
1905,17추6168,YELLOW,NEW,0.856,2026-09-23 07:37:11,CAM_01,,1,demo
1906,17추6168,YELLOW,NEW,0.822,2026-09-23 16:33:11,CAM_01,,1,demo
1907,72처6038,GREENYELLOW,OLD,0.892,2026-09-23 08:03:12,CAM_01,,1,demo
1908,72처6038,GREENYELLOW,OLD,0.892,2026-09-23 18:01:12,CAM_01,,1,demo
1909,479하5374,WHITE,NEW,0.983,2026-09-23 08:04:51,CAM_01,,1,demo
1910,479하5374,WHITE,NEW,0.872,2026-09-23 18:28:51,CAM_01,,1,demo
1911,165커8668,GREENYELLOW,OLD,0.908,2026-09-23 08:09:40,CAM_01,,1,demo
1912,165커8668,GREENYELLOW,OLD,0.953,2026-09-23 17:16:40,CAM_01,,1,demo
1913,41부2679,WHITE,NEW,0.97,2026-09-23 08:11:35,CAM_01,,1,demo
1914,41부2679,WHITE,NEW,0.822,2026-09-23 18:56:35,CAM_01,,1,demo
1915,78카8573,WHITE,NEW,0.91,2026-09-23 08:20:53,CAM_01,,1,demo
1916,78카8573,WHITE,NEW,0.81,2026-09-23 17:24:53,CAM_01,,1,demo
1917,56모9085,WHITE,NEW,0.956,2026-09-23 08:26:44,CAM_01,,1,demo
1918,56모9085,WHITE,NEW,0.934,2026-09-23 17:55:44,CAM_01,,1,demo
1919,771터8517,WHITE,NEW,0.939,2026-09-23 08:28:15,CAM_01,,1,demo
1920,771터8517,WHITE,NEW,0.783,2026-09-23 18:11:15,CAM_01,,1,demo
1921,14하4811,GREENYELLOW,OLD,0.977,2026-09-23 08:31:05,CAM_01,,1,demo
1922,14하4811,GREENYELLOW,OLD,0.885,2026-09-23 19:03:05,CAM_01,,1,demo
1923,818거8359,WHITE,NEW,0.95,2026-09-23 08:31:24,CAM_01,,1,demo
1924,818거8359,WHITE,NEW,0.922,2026-09-23 19:34:24,CAM_01,,1,demo
1925,77누2876,WHITE,NEW,0.937,2026-09-23 08:39:44,CAM_01,,1,demo
1926,77누2876,WHITE,NEW,0.988,2026-09-23 19:36:44,CAM_01,,1,demo
1927,78자8787,GREENYELLOW,OLD,0.963,2026-09-23 08:42:59,CAM_01,,1,demo
1928,78자8787,GREENYELLOW,OLD,0.913,2026-09-23 18:35:59,CAM_01,,1,demo
1929,18우5741,WHITE,NEW,0.91,2026-09-23 08:44:41,CAM_01,,1,demo
1930,18우5741,WHITE,NEW,0.788,2026-09-23 18:41:41,CAM_01,,1,demo
1931,649우6573,WHITE,NEW,0.836,2026-09-23 08:45:31,CAM_01,,1,demo
1932,649우6573,WHITE,NEW,0.926,2026-09-23 17:35:31,CAM_01,,1,demo
1933,532러3547,WHITE,NEW,0.914,2026-09-23 08:50:46,CAM_01,,1,demo
1934,532러3547,WHITE,NEW,0.825,2026-09-23 18:53:46,CAM_01,,1,demo
1935,99코3803,WHITE,NEW,0.836,2026-09-23 08:51:53,CAM_01,,1,demo
1936,99코3803,WHITE,NEW,0.923,2026-09-23 20:25:53,CAM_01,,1,demo
1937,20후2654,YELLOW,NEW,0.87,2026-09-23 08:52:50,CAM_01,,1,demo
1938,20후2654,YELLOW,NEW,0.856,2026-09-23 18:52:50,CAM_01,,1,demo
1939,384포6977,WHITE,NEW,0.858,2026-09-23 08:53:37,CAM_01,,1,demo
1940,384포6977,WHITE,NEW,0.952,2026-09-23 20:45:37,CAM_01,,1,demo
1941,227바5803,WHITE,NEW,0.895,2026-09-23 08:59:04,CAM_01,,1,demo
1942,227바5803,WHITE,NEW,0.99,2026-09-23 19:07:04,CAM_01,,1,demo
1943,839모3927,WHITE,NEW,0.867,2026-09-23 09:00:35,CAM_01,,1,demo
1944,839모3927,WHITE,NEW,0.954,2026-09-23 17:54:35,CAM_01,,1,demo
1945,85수3615,WHITE,NEW,0.985,2026-09-23 09:01:02,CAM_01,,1,demo
1946,85수3615,WHITE,NEW,0.851,2026-09-23 19:04:02,CAM_01,,1,demo
1947,864초7543,GREENYELLOW,OLD,0.887,2026-09-23 09:05:00,CAM_01,,1,demo
1948,864초7543,GREENYELLOW,OLD,0.858,2026-09-23 21:50:00,CAM_01,,1,demo
1949,61하6155,WHITE,NEW,0.831,2026-09-23 09:10:44,CAM_01,,1,demo
1950,61하6155,WHITE,NEW,0.872,2026-09-23 19:09:44,CAM_01,,1,demo
1951,924다2710,WHITE,NEW,0.925,2026-09-23 09:23:18,CAM_01,,1,demo
1952,924다2710,WHITE,NEW,0.923,2026-09-23 10:49:18,CAM_01,,1,demo
1953,563너2361,WHITE,NEW,0.933,2026-09-23 09:33:25,CAM_01,,1,demo
1954,563너2361,WHITE,NEW,0.977,2026-09-23 09:38:25,CAM_01,,1,demo
1955,199푸6635,GREENYELLOW,OLD,0.819,2026-09-23 09:43:55,CAM_01,,1,demo
1956,199푸6635,GREENYELLOW,OLD,0.798,2026-09-23 19:14:55,CAM_01,,1,demo
1957,28너9830,WHITE,NEW,0.817,2026-09-23 09:49:10,CAM_01,,1,demo
1958,28너9830,WHITE,NEW,0.783,2026-09-23 18:57:10,CAM_01,,1,demo
1959,79코6310,GREENYELLOW,OLD,0.82,2026-09-23 09:49:40,CAM_01,,1,demo
1960,79코6310,GREENYELLOW,OLD,0.937,2026-09-23 17:07:40,CAM_01,,1,demo
1961,96초7912,WHITE,NEW,0.903,2026-09-23 09:57:06,CAM_01,,1,demo
1962,96초7912,WHITE,NEW,0.913,2026-09-23 19:38:06,CAM_01,,1,demo
1963,733조4150,WHITE,NEW,0.953,2026-09-23 09:58:58,CAM_01,,1,demo
1964,733조4150,WHITE,NEW,0.92,2026-09-23 19:29:58,CAM_01,,1,demo
1965,51부6336,GREENYELLOW,OLD,0.84,2026-09-23 10:57:15,CAM_01,,1,demo
1966,51부6336,GREENYELLOW,OLD,0.943,2026-09-23 11:57:15,CAM_01,,1,demo
1967,68노8598,WHITE,NEW,0.822,2026-09-23 12:05:01,CAM_01,,1,demo
1968,68노8598,WHITE,NEW,0.96,2026-09-23 12:29:01,CAM_01,,1,demo
1969,39부7759,YELLOW,NEW,0.867,2026-09-23 12:07:20,CAM_01,,1,demo
1970,39부7759,YELLOW,NEW,0.947,2026-09-23 12:12:20,CAM_01,,1,demo
1971,51초3440,WHITE,NEW,0.973,2026-09-23 12:46:27,CAM_01,,1,demo
1972,51초3440,WHITE,NEW,0.915,2026-09-23 13:57:27,CAM_01,,1,demo
1973,62저5846,WHITE,NEW,0.875,2026-09-23 15:00:44,CAM_01,,1,demo
1974,62저5846,WHITE,NEW,0.977,2026-09-23 16:28:44,CAM_01,,1,demo
1975,161자2820,WHITE,NEW,0.896,2026-09-23 16:17:12,CAM_01,,1,demo
1976,161자2820,WHITE,NEW,0.836,2026-09-23 17:24:12,CAM_01,,1,demo
1977,31바7745,WHITE,NEW,0.858,2026-09-23 16:50:50,CAM_01,,1,demo
1978,31바7745,WHITE,NEW,0.97,2026-09-23 17:11:50,CAM_01,,1,demo
1979,289포8607,GREENYELLOW,OLD,0.928,2026-09-23 17:55:45,CAM_01,,1,demo
1980,289포8607,GREENYELLOW,OLD,0.781,2026-09-23 19:16:45,CAM_01,,1,demo
1981,32로9436,GREENYELLOW,OLD,0.806,2026-09-23 17:59:34,CAM_01,,1,demo
1982,32로9436,GREENYELLOW,OLD,0.786,2026-09-23 19:58:34,CAM_01,,1,demo
1983,155차4541,WHITE,NEW,0.96,2026-09-23 18:24:57,CAM_01,,1,demo
1984,155차4541,WHITE,NEW,0.889,2026-09-23 19:51:57,CAM_01,,1,demo
1985,878거5835,WHITE,NEW,0.86,2026-09-23 18:29:26,CAM_01,,1,demo
1986,878거5835,WHITE,NEW,0.816,2026-09-23 19:57:26,CAM_01,,1,demo
1987,705투8581,WHITE,NEW,0.882,2026-09-23 18:31:55,CAM_01,,1,demo
1988,705투8581,WHITE,NEW,0.897,2026-09-23 18:43:55,CAM_01,,1,demo
1989,59노4181,WHITE,NEW,0.917,2026-09-23 19:29:11,CAM_01,,1,demo
1990,59노4181,WHITE,NEW,0.863,2026-09-23 21:50:11,CAM_01,,1,demo
1991,63도9261,WHITE,NEW,0.977,2026-09-23 19:57:00,CAM_01,,1,demo
1992,63도9261,WHITE,NEW,0.87,2026-09-23 20:27:00,CAM_01,,1,demo
1993,41부2679,GREENYELLOW,OLD,0.874,2026-09-24 07:18:27,CAM_01,,1,demo
1994,41부2679,GREENYELLOW,OLD,0.933,2026-09-24 17:59:27,CAM_01,,1,demo
1995,384포6977,WHITE,NEW,0.86,2026-09-24 07:30:45,CAM_01,,1,demo
1996,384포6977,WHITE,NEW,0.813,2026-09-24 14:05:45,CAM_01,,1,demo
1997,532러3547,WHITE,NEW,0.935,2026-09-24 07:35:45,CAM_01,,1,demo
1998,532러3547,WHITE,NEW,0.807,2026-09-24 17:16:45,CAM_01,,1,demo
1999,91부5506,WHITE,NEW,0.91,2026-09-24 07:55:40,CAM_01,,1,demo
2000,91부5506,WHITE,NEW,0.862,2026-09-24 20:06:40,CAM_01,,1,demo
2001,849쿠2133,WHITE,NEW,0.974,2026-09-24 08:10:15,CAM_01,,1,demo
2002,849쿠2133,WHITE,NEW,0.956,2026-09-24 21:10:15,CAM_01,,1,demo
2003,400카8433,WHITE,NEW,0.861,2026-09-24 08:10:50,CAM_01,,1,demo
2004,400카8433,WHITE,NEW,0.8,2026-09-24 17:23:50,CAM_01,,1,demo
2005,199푸6635,WHITE,NEW,0.802,2026-09-24 08:15:34,CAM_01,,1,demo
2006,199푸6635,WHITE,NEW,0.942,2026-09-24 18:52:34,CAM_01,,1,demo
2007,28너9830,WHITE,NEW,0.917,2026-09-24 08:17:07,CAM_01,,1,demo
2008,28너9830,WHITE,NEW,0.894,2026-09-24 18:12:07,CAM_01,,1,demo
2009,87처3646,YELLOW,NEW,0.909,2026-09-24 08:18:29,CAM_01,,1,demo
2010,87처3646,YELLOW,NEW,0.785,2026-09-24 19:21:29,CAM_01,,1,demo
2011,85수3615,WHITE,NEW,0.987,2026-09-24 08:29:39,CAM_01,,1,demo
2012,85수3615,WHITE,NEW,0.913,2026-09-24 19:12:39,CAM_01,,1,demo
2013,18우5741,WHITE,NEW,0.835,2026-09-24 08:32:43,CAM_01,,1,demo
2014,18우5741,WHITE,NEW,0.917,2026-09-24 17:25:43,CAM_01,,1,demo
2015,78자8787,WHITE,NEW,0.837,2026-09-24 08:36:08,CAM_01,,1,demo
2016,78자8787,WHITE,NEW,0.956,2026-09-24 16:35:08,CAM_01,,1,demo
2017,72처6038,WHITE,NEW,0.953,2026-09-24 08:45:34,CAM_01,,1,demo
2018,72처6038,WHITE,NEW,0.859,2026-09-24 17:11:34,CAM_01,,1,demo
2019,227바5803,WHITE,NEW,0.81,2026-09-24 08:48:47,CAM_01,,1,demo
2020,227바5803,WHITE,NEW,0.797,2026-09-24 19:15:47,CAM_01,,1,demo
2021,14하4811,WHITE,NEW,0.804,2026-09-24 08:50:43,CAM_01,,1,demo
2022,14하4811,WHITE,NEW,0.987,2026-09-24 20:52:43,CAM_01,,1,demo
2023,99코3803,GREENYELLOW,OLD,0.821,2026-09-24 08:51:43,CAM_01,,1,demo
2024,99코3803,GREENYELLOW,OLD,0.975,2026-09-24 17:37:43,CAM_01,,1,demo
2025,165커8668,WHITE,NEW,0.827,2026-09-24 08:53:33,CAM_01,,1,demo
2026,165커8668,WHITE,NEW,0.835,2026-09-24 17:14:33,CAM_01,,1,demo
2027,818거8359,WHITE,NEW,0.815,2026-09-24 08:56:03,CAM_01,,1,demo
2028,818거8359,WHITE,NEW,0.957,2026-09-24 19:46:03,CAM_01,,1,demo
2029,61하6155,GREENYELLOW,OLD,0.84,2026-09-24 09:05:05,CAM_01,,1,demo
2030,61하6155,GREENYELLOW,OLD,0.801,2026-09-24 17:41:05,CAM_01,,1,demo
2031,864초7543,WHITE,NEW,0.879,2026-09-24 09:09:55,CAM_01,,1,demo
2032,864초7543,WHITE,NEW,0.882,2026-09-24 19:31:55,CAM_01,,1,demo
2033,29주7916,WHITE,NEW,0.84,2026-09-24 09:28:47,CAM_01,,1,demo
2034,29주7916,WHITE,NEW,0.868,2026-09-24 18:02:47,CAM_01,,1,demo
2035,649우6573,GREENYELLOW,OLD,0.92,2026-09-24 09:29:19,CAM_01,,1,demo
2036,649우6573,GREENYELLOW,OLD,0.875,2026-09-24 16:37:19,CAM_01,,1,demo
2037,20후2654,WHITE,NEW,0.857,2026-09-24 09:31:32,CAM_01,,1,demo
2038,20후2654,WHITE,NEW,0.97,2026-09-24 19:05:32,CAM_01,,1,demo
2039,77누2876,WHITE,NEW,0.92,2026-09-24 09:37:21,CAM_01,,1,demo
2040,77누2876,WHITE,NEW,0.96,2026-09-24 17:28:21,CAM_01,,1,demo
2041,56모9085,WHITE,NEW,0.865,2026-09-24 09:43:34,CAM_01,,1,demo
2042,56모9085,WHITE,NEW,0.853,2026-09-24 22:35:34,CAM_01,,1,demo
2043,863초8872,YELLOW,NEW,0.914,2026-09-24 09:48:17,CAM_01,,1,demo
2044,863초8872,YELLOW,NEW,0.781,2026-09-24 09:53:17,CAM_01,,1,demo
2045,46로5009,WHITE,NEW,0.848,2026-09-24 10:42:57,CAM_01,,1,demo
2046,46로5009,WHITE,NEW,0.806,2026-09-24 13:41:57,CAM_01,,1,demo
2047,439도5748,WHITE,NEW,0.902,2026-09-24 11:47:34,CAM_01,,1,demo
2048,439도5748,WHITE,NEW,0.889,2026-09-24 15:09:34,CAM_01,,1,demo
2049,45바9821,WHITE,NEW,0.841,2026-09-24 12:59:49,CAM_01,,1,demo
2050,45바9821,WHITE,NEW,0.857,2026-09-24 14:55:49,CAM_01,,1,demo
2051,67하8278,GREENYELLOW,OLD,0.806,2026-09-24 13:23:00,CAM_01,,1,demo
2052,67하8278,GREENYELLOW,OLD,0.809,2026-09-24 14:25:00,CAM_01,,1,demo
2053,84서8553,WHITE,NEW,0.931,2026-09-24 13:46:36,CAM_01,,1,demo
2054,84서8553,WHITE,NEW,0.807,2026-09-24 15:47:36,CAM_01,,1,demo
2055,82파4047,WHITE,NEW,0.838,2026-09-24 13:58:17,CAM_01,,1,demo
2056,82파4047,WHITE,NEW,0.799,2026-09-24 14:07:17,CAM_01,,1,demo
2057,368포8742,WHITE,NEW,0.924,2026-09-24 14:47:29,CAM_01,,1,demo
2058,368포8742,WHITE,NEW,0.878,2026-09-24 16:18:29,CAM_01,,1,demo
2059,50처8347,WHITE,NEW,0.883,2026-09-24 15:02:42,CAM_01,,1,demo
2060,50처8347,WHITE,NEW,0.979,2026-09-24 16:37:42,CAM_01,,1,demo
2061,61노6246,GREENYELLOW,OLD,0.848,2026-09-24 15:10:34,CAM_01,,1,demo
2062,61노6246,GREENYELLOW,OLD,0.822,2026-09-24 15:42:34,CAM_01,,1,demo
2063,802두2959,WHITE,NEW,0.936,2026-09-24 15:55:16,CAM_01,,1,demo
2064,802두2959,WHITE,NEW,0.982,2026-09-24 17:16:16,CAM_01,,1,demo
2065,87초9625,WHITE,NEW,0.951,2026-09-24 16:14:28,CAM_01,,1,demo
2066,87초9625,WHITE,NEW,0.903,2026-09-24 16:55:28,CAM_01,,1,demo
2067,312도9606,WHITE,NEW,0.839,2026-09-24 17:26:08,CAM_01,,1,demo
2068,312도9606,WHITE,NEW,0.932,2026-09-24 19:22:08,CAM_01,,1,demo
2069,66추7944,WHITE,NEW,0.885,2026-09-24 17:26:51,CAM_01,,1,demo
2070,66추7944,WHITE,NEW,0.905,2026-09-24 19:35:51,CAM_01,,1,demo
2071,154처7873,WHITE,NEW,0.861,2026-09-24 18:08:22,CAM_01,,1,demo
2072,154처7873,WHITE,NEW,0.803,2026-09-24 19:28:22,CAM_01,,1,demo
2073,143투5979,WHITE,NEW,0.838,2026-09-24 18:18:35,CAM_01,,1,demo
2074,143투5979,WHITE,NEW,0.854,2026-09-24 20:12:35,CAM_01,,1,demo
2075,299서9381,GREENYELLOW,OLD,0.956,2026-09-24 18:43:42,CAM_01,,1,demo
2076,299서9381,GREENYELLOW,OLD,0.874,2026-09-24 22:35:42,CAM_01,,1,demo
2077,219나7580,GREENYELLOW,OLD,0.982,2026-09-24 19:08:43,CAM_01,,1,demo
2078,219나7580,GREENYELLOW,OLD,0.833,2026-09-24 19:13:43,CAM_01,,1,demo
2079,56루8006,WHITE,NEW,0.915,2026-09-24 19:58:42,CAM_01,,1,demo
2080,56루8006,WHITE,NEW,0.964,2026-09-24 20:29:42,CAM_01,,1,demo
2081,874바1108,YELLOW,NEW,0.901,2026-09-24 20:04:59,CAM_01,,1,demo
2082,874바1108,YELLOW,NEW,0.864,2026-09-24 20:09:59,CAM_01,,1,demo
2083,66무8847,WHITE,NEW,0.954,2026-09-24 20:48:36,CAM_01,,1,demo
2084,66무8847,WHITE,NEW,0.87,2026-09-24 21:09:36,CAM_01,,1,demo
2085,479하5374,WHITE,NEW,0.847,2026-09-25 07:02:50,CAM_01,,1,demo
2086,479하5374,WHITE,NEW,0.825,2026-09-25 13:52:50,CAM_01,,1,demo
2087,384포6977,WHITE,NEW,0.828,2026-09-25 07:04:01,CAM_01,,1,demo
2088,384포6977,WHITE,NEW,0.846,2026-09-25 16:47:01,CAM_01,,1,demo
2089,29주7916,WHITE,NEW,0.931,2026-09-25 07:06:52,CAM_01,,1,demo
2090,29주7916,WHITE,NEW,0.931,2026-09-25 16:12:52,CAM_01,,1,demo
2091,733조4150,WHITE,NEW,0.908,2026-09-25 07:14:08,CAM_01,,1,demo
2092,733조4150,WHITE,NEW,0.848,2026-09-25 17:05:08,CAM_01,,1,demo
2093,881사2519,WHITE,NEW,0.813,2026-09-25 07:26:29,CAM_01,,1,demo
2094,881사2519,WHITE,NEW,0.84,2026-09-25 17:24:29,CAM_01,,1,demo
2095,99코3803,WHITE,NEW,0.841,2026-09-25 07:30:07,CAM_01,,1,demo
2096,99코3803,WHITE,NEW,0.898,2026-09-25 17:12:07,CAM_01,,1,demo
2097,199푸6635,WHITE,NEW,0.98,2026-09-25 07:30:22,CAM_01,,1,demo
2098,199푸6635,WHITE,NEW,0.95,2026-09-25 16:27:22,CAM_01,,1,demo
2099,96초7912,WHITE,NEW,0.909,2026-09-25 07:38:48,CAM_01,,1,demo
2100,96초7912,WHITE,NEW,0.916,2026-09-25 17:37:48,CAM_01,,1,demo
2101,78카8573,WHITE,NEW,0.883,2026-09-25 07:48:06,CAM_01,,1,demo
2102,78카8573,WHITE,NEW,0.951,2026-09-25 16:53:06,CAM_01,,1,demo
2103,649우6573,WHITE,NEW,0.809,2026-09-25 07:59:13,CAM_01,,1,demo
2104,649우6573,WHITE,NEW,0.884,2026-09-25 19:53:13,CAM_01,,1,demo
2105,91부5506,WHITE,NEW,0.852,2026-09-25 08:03:18,CAM_01,,1,demo
2106,91부5506,WHITE,NEW,0.805,2026-09-25 16:49:18,CAM_01,,1,demo
2107,74오4257,WHITE,NEW,0.914,2026-09-25 08:06:34,CAM_01,,1,demo
2108,74오4257,WHITE,NEW,0.904,2026-09-25 14:59:34,CAM_01,,1,demo
2109,87처3646,WHITE,NEW,0.804,2026-09-25 08:07:29,CAM_01,,1,demo
2110,87처3646,WHITE,NEW,0.784,2026-09-25 18:30:29,CAM_01,,1,demo
2111,87무8527,WHITE,NEW,0.909,2026-09-25 08:08:52,CAM_01,,1,demo
2112,87무8527,WHITE,NEW,0.781,2026-09-25 13:18:52,CAM_01,,1,demo
2113,61하6155,WHITE,NEW,0.825,2026-09-25 08:11:42,CAM_01,,1,demo
2114,61하6155,WHITE,NEW,0.983,2026-09-25 17:07:42,CAM_01,,1,demo
2115,227바5803,WHITE,NEW,0.901,2026-09-25 08:11:45,CAM_01,,1,demo
2116,227바5803,WHITE,NEW,0.891,2026-09-25 19:06:45,CAM_01,,1,demo
2117,18우5741,WHITE,NEW,0.803,2026-09-25 08:13:08,CAM_01,,1,demo
2118,18우5741,WHITE,NEW,0.879,2026-09-25 16:53:08,CAM_01,,1,demo
2119,14하4811,WHITE,NEW,0.879,2026-09-25 08:17:43,CAM_01,,1,demo
2120,14하4811,WHITE,NEW,0.843,2026-09-25 18:45:43,CAM_01,,1,demo
2121,165커8668,WHITE,NEW,0.866,2026-09-25 08:18:10,CAM_01,,1,demo
2122,165커8668,WHITE,NEW,0.797,2026-09-25 17:30:10,CAM_01,,1,demo
2123,818거8359,WHITE,NEW,0.894,2026-09-25 08:23:49,CAM_01,,1,demo
2124,818거8359,WHITE,NEW,0.79,2026-09-25 16:22:49,CAM_01,,1,demo
2125,208투9317,WHITE,NEW,0.987,2026-09-25 08:24:27,CAM_01,,1,demo
2126,208투9317,WHITE,NEW,0.884,2026-09-25 17:58:27,CAM_01,,1,demo
2127,400카8433,WHITE,NEW,0.973,2026-09-25 08:28:43,CAM_01,,1,demo
2128,400카8433,WHITE,NEW,0.957,2026-09-25 16:23:43,CAM_01,,1,demo
2129,79코6310,GREENYELLOW,OLD,0.82,2026-09-25 08:31:48,CAM_01,,1,demo
2130,79코6310,GREENYELLOW,OLD,0.827,2026-09-25 17:03:48,CAM_01,,1,demo
2131,849쿠2133,WHITE,NEW,0.826,2026-09-25 08:43:53,CAM_01,,1,demo
2132,849쿠2133,WHITE,NEW,0.989,2026-09-25 16:15:53,CAM_01,,1,demo
2133,41부2679,GREENYELLOW,OLD,0.938,2026-09-25 08:49:40,CAM_01,,1,demo
2134,41부2679,GREENYELLOW,OLD,0.828,2026-09-25 20:13:40,CAM_01,,1,demo
2135,532러3547,WHITE,NEW,0.938,2026-09-25 08:50:57,CAM_01,,1,demo
2136,532러3547,WHITE,NEW,0.951,2026-09-25 19:03:57,CAM_01,,1,demo
2137,56모9085,WHITE,NEW,0.902,2026-09-25 08:54:32,CAM_01,,1,demo
2138,56모9085,WHITE,NEW,0.781,2026-09-25 18:45:32,CAM_01,,1,demo
2139,85수3615,WHITE,NEW,0.81,2026-09-25 08:58:58,CAM_01,,1,demo
2140,85수3615,WHITE,NEW,0.965,2026-09-25 18:50:58,CAM_01,,1,demo
2141,40조2290,WHITE,NEW,0.809,2026-09-25 09:07:24,CAM_01,,1,demo
2142,40조2290,WHITE,NEW,0.844,2026-09-25 19:23:24,CAM_01,,1,demo
2143,78자8787,WHITE,NEW,0.931,2026-09-25 09:12:54,CAM_01,,1,demo
2144,78자8787,WHITE,NEW,0.946,2026-09-25 19:11:54,CAM_01,,1,demo
2145,127커2594,WHITE,NEW,0.933,2026-09-25 10:23:22,CAM_01,,1,demo
2146,127커2594,WHITE,NEW,0.974,2026-09-25 10:28:22,CAM_01,,1,demo
2147,338무9177,WHITE,NEW,0.823,2026-09-25 11:54:25,CAM_01,,1,demo
2148,338무9177,WHITE,NEW,0.847,2026-09-25 11:59:25,CAM_01,,1,demo
2149,22투2117,WHITE,NEW,0.911,2026-09-25 12:31:14,CAM_01,,1,demo
2150,22투2117,WHITE,NEW,0.959,2026-09-25 13:23:14,CAM_01,,1,demo
2151,509도7626,GREENYELLOW,OLD,0.921,2026-09-25 12:45:49,CAM_01,,1,demo
2152,509도7626,GREENYELLOW,OLD,0.92,2026-09-25 13:18:49,CAM_01,,1,demo
2153,96차7468,WHITE,NEW,0.846,2026-09-25 13:33:42,CAM_01,,1,demo
2154,96차7468,WHITE,NEW,0.88,2026-09-25 14:26:42,CAM_01,,1,demo
2155,166파6548,WHITE,NEW,0.853,2026-09-25 13:37:06,CAM_01,,1,demo
2156,166파6548,WHITE,NEW,0.942,2026-09-25 14:45:06,CAM_01,,1,demo
2157,719차5960,WHITE,NEW,0.817,2026-09-25 14:01:11,CAM_01,,1,demo
2158,719차5960,WHITE,NEW,0.941,2026-09-25 14:52:11,CAM_01,,1,demo
2159,670루3689,WHITE,NEW,0.867,2026-09-25 14:02:02,CAM_01,,1,demo
2160,670루3689,WHITE,NEW,0.955,2026-09-25 15:09:02,CAM_01,,1,demo
2161,682구9837,WHITE,NEW,0.923,2026-09-25 14:08:19,CAM_01,,1,demo
2162,682구9837,WHITE,NEW,0.96,2026-09-25 15:08:19,CAM_01,,1,demo
2163,340초2391,WHITE,NEW,0.814,2026-09-25 14:22:26,CAM_01,,1,demo
2164,340초2391,WHITE,NEW,0.884,2026-09-25 14:44:26,CAM_01,,1,demo
2165,46나1739,WHITE,NEW,0.927,2026-09-25 14:24:39,CAM_01,,1,demo
2166,46나1739,WHITE,NEW,0.878,2026-09-25 14:53:39,CAM_01,,1,demo
2167,30터5315,WHITE,NEW,0.893,2026-09-25 15:30:35,CAM_01,,1,demo
2168,30터5315,WHITE,NEW,0.851,2026-09-25 15:37:35,CAM_01,,1,demo
2169,492서7165,WHITE,NEW,0.945,2026-09-25 15:48:02,CAM_01,,1,demo
2170,492서7165,WHITE,NEW,0.888,2026-09-25 19:06:02,CAM_01,,1,demo
2171,911파5809,WHITE,NEW,0.979,2026-09-25 16:06:48,CAM_01,,1,demo
2172,911파5809,WHITE,NEW,0.929,2026-09-25 18:49:48,CAM_01,,1,demo
2173,655추9856,WHITE,NEW,0.961,2026-09-25 16:31:32,CAM_01,,1,demo
2174,655추9856,WHITE,NEW,0.802,2026-09-25 18:32:32,CAM_01,,1,demo
2175,790누2723,WHITE,NEW,0.974,2026-09-25 19:51:30,CAM_01,,1,demo
2176,790누2723,WHITE,NEW,0.861,2026-09-25 21:59:30,CAM_01,,1,demo
2177,886사3001,WHITE,NEW,0.918,2026-09-25 20:32:17,CAM_01,,1,demo
2178,886사3001,WHITE,NEW,0.823,2026-09-25 21:23:17,CAM_01,,1,demo
2179,95토5907,WHITE,NEW,0.813,2026-09-26 10:43:13,CAM_01,,1,demo
2180,95토5907,WHITE,NEW,0.869,2026-09-26 11:21:13,CAM_01,,1,demo
2181,73투9779,WHITE,NEW,0.981,2026-09-26 13:27:12,CAM_01,,1,demo
2182,73투9779,WHITE,NEW,0.901,2026-09-26 15:42:12,CAM_01,,1,demo
2183,812초1364,WHITE,NEW,0.888,2026-09-26 16:27:36,CAM_01,,1,demo
2184,812초1364,WHITE,NEW,0.803,2026-09-26 16:39:36,CAM_01,,1,demo
2185,120다8551,WHITE,NEW,0.803,2026-09-26 18:07:21,CAM_01,,1,demo
2186,120다8551,WHITE,NEW,0.877,2026-09-26 20:33:21,CAM_01,,1,demo
2187,59추9001,WHITE,NEW,0.89,2026-09-26 20:24:36,CAM_01,,1,demo
2188,59추9001,WHITE,NEW,0.891,2026-09-26 21:33:36,CAM_01,,1,demo
